naslov,leto,oskar,stevilo
12 Years a Slave,2013,False,6.0
12 Years a Slave,2013,True,3.0
1917,2019,True,3.0
1917,2019,False,7.0
20 Days in Mariupol,2023,False,0.0
20 Days in Mariupol,2023,True,1.0
20 Feet from Stardom,2013,True,1.0
20 Feet from Stardom,2013,False,0.0
"20,000 Leagues Under the Sea",1954,False,1.0
"20,000 Leagues Under the Sea",1954,True,2.0
2001: A Space Odyssey,1968,False,3.0
2001: A Space Odyssey,1968,True,1.0
7 Faces of Dr. Lao,1964,True,
7 Faces of Dr. Lao,1964,False,
7th Heaven,1927,True,3.0
7th Heaven,1927,False,2.0
8 Mile,2002,True,1.0
8 Mile,2002,False,0.0
A Beautiful Mind,2001,True,4.0
A Beautiful Mind,2001,False,4.0
A Boy and His Dog,1946,False,0.0
A Boy and His Dog,1946,True,1.0
A Chance to Live,1949,False,0.0
A Chance to Live,1949,True,1.0
A Christmas Carol,1972,False,
A Christmas Carol,1972,True,1.0
A Close Shave,1995,False,0.0
A Close Shave,1995,True,1.0
A Damsel in Distress,1937,True,1.0
A Damsel in Distress,1937,False,1.0
A Double Life,1947,False,2.0
A Double Life,1947,True,2.0
A Fantastic Woman,2017,True,1.0
A Fantastic Woman,2017,False,0.0
A Farewell to Arms,1932,True,2.0
A Farewell to Arms,1932,False,2.0
A Fish Called Wanda,1988,True,1.0
A Fish Called Wanda,1988,False,2.0
A Free Soul,1930,False,2.0
A Free Soul,1930,True,1.0
A Funny Thing Happened on the Way to the Forum,1966,True,1.0
A Funny Thing Happened on the Way to the Forum,1966,False,0.0
A Girl in the River: The Price of Forgiveness,2015,False,0.0
A Girl in the River: The Price of Forgiveness,2015,True,1.0
A Greek Tragedy,1986,False,0.0
A Greek Tragedy,1986,True,1.0
A Herb Alpert and the Tijuana Brass Double Feature,1966,True,1.0
A Herb Alpert and the Tijuana Brass Double Feature,1966,False,0.0
A Hole in the Head,1959,True,1.0
A Hole in the Head,1959,False,0.0
A Letter to Three Wives,1949,False,1.0
A Letter to Three Wives,1949,True,2.0
A Little Night Music,1977,False,1.0
A Little Night Music,1977,True,1.0
A Little Romance,1979,False,1.0
A Little Romance,1979,True,1.0
A Man and a Woman,1966,False,2.0
A Man and a Woman,1966,True,2.0
A Man for All Seasons,1966,False,2.0
A Man for All Seasons,1966,True,6.0
A Midsummer Night's Dream,1935,True,2.0
A Midsummer Night's Dream,1935,False,
A Note of Triumph: The Golden Age of Norman Corwin,2005,False,0.0
A Note of Triumph: The Golden Age of Norman Corwin,2005,True,1.0
A Passage to India,1984,False,9.0
A Passage to India,1984,True,2.0
A Patch of Blue,1965,True,1.0
A Patch of Blue,1965,False,4.0
A Place in the Sun,1951,False,3.0
A Place in the Sun,1951,True,6.0
A Place to Stand,1967,True,1.0
A Place to Stand,1967,False,1.0
A River Runs Through It,1992,True,1.0
A River Runs Through It,1992,False,2.0
A Room with a View,1986,False,5.0
A Room with a View,1986,True,3.0
A Separation,2011,False,1.0
A Separation,2011,True,1.0
A Shocking Accident,1982,True,1.0
A Shocking Accident,1982,False,0.0
A Star Is Born,1976,True,1.0
A Star Is Born,2018,False,7.0
A Star Is Born,1976,False,3.0
A Star Is Born,1937,False,
A Star Is Born,1937,True,
A Star Is Born,2018,True,1.0
A Story of Healing,1997,True,1.0
A Story of Healing,1997,False,0.0
A Streetcar Named Desire,1951,True,4.0
A Streetcar Named Desire,1951,False,8.0
A Thousand Clowns,1965,True,1.0
A Thousand Clowns,1965,False,3.0
A Time Out of War,1954,False,0.0
A Time Out of War,1954,True,1.0
A Time for Justice,1994,False,0.0
A Time for Justice,1994,True,1.0
A Touch of Class,1973,True,1.0
A Touch of Class,1973,False,4.0
A Tree Grows in Brooklyn,1945,False,1.0
A Tree Grows in Brooklyn,1945,True,1.0
A Year Toward Tomorrow,1966,False,0.0
A Year Toward Tomorrow,1966,True,1.0
Adaptation,2002,False,3.0
Adaptation,2002,True,1.0
Adventures of Don Juan,1949,True,1.0
Adventures of Don Juan,1949,False,1.0
Affliction,1998,True,1.0
Affliction,1998,False,1.0
Air Force,1943,False,3.0
Air Force,1943,True,1.0
Airport,1970,False,9.0
Airport,1970,True,1.0
Aladdin,1992,False,3.0
Aladdin,1992,True,2.0
Albert Schweitzer,1957,True,1.0
Albert Schweitzer,1957,False,0.0
Alexander's Ragtime Band,1938,True,1.0
Alexander's Ragtime Band,1938,False,5.0
Alice Doesn't Live Here Anymore,1974,True,1.0
Alice Doesn't Live Here Anymore,1974,False,2.0
Alice in Wonderland,2010,False,1.0
Alice in Wonderland,2010,True,2.0
Alien,1979,False,1.0
Alien,1979,True,1.0
Aliens,1986,False,5.0
Aliens,1986,True,2.0
All About Eve,1950,False,8.0
All About Eve,1950,True,6.0
All About My Mother (Todo sobre mi madre),1999,False,0.0
All About My Mother (Todo sobre mi madre),1999,True,1.0
All Quiet on the Western Front,2022,True,4.0
All Quiet on the Western Front,1929,False,2.0
All Quiet on the Western Front,1929,True,2.0
All Quiet on the Western Front,2022,False,5.0
All That Jazz,1979,False,5.0
All That Jazz,1979,True,4.0
All That Money Can Buy,1941,False,1.0
All That Money Can Buy,1941,True,1.0
All the King's Men,1949,False,4.0
All the King's Men,1949,True,3.0
All the President's Men,1976,False,4.0
All the President's Men,1976,True,4.0
Almost Famous,2000,True,1.0
Almost Famous,2000,False,3.0
Ama Girls,1958,False,0.0
Ama Girls,1958,True,1.0
Amadeus,1984,True,8.0
Amadeus,1984,False,3.0
Amarcord,1974,False,
Amarcord,1974,True,1.0
America America,1963,True,1.0
America America,1963,False,3.0
American Beauty,1999,False,3.0
American Beauty,1999,True,5.0
American Dream,1990,True,1.0
American Dream,1990,False,0.0
American Factory,2019,True,1.0
American Factory,2019,False,0.0
American Fiction,2023,True,1.0
American Fiction,2023,False,4.0
American Sniper,2014,False,5.0
American Sniper,2014,True,1.0
Amour,2012,False,4.0
Amour,2012,True,1.0
Amphibious Fighters,1943,False,0.0
Amphibious Fighters,1943,True,1.0
Amy,2015,False,0.0
Amy,2015,True,1.0
An American Werewolf in London,1981,True,1.0
An American Werewolf in London,1981,False,0.0
An American in Paris,1951,True,6.0
An American in Paris,1951,False,2.0
An Inconvenient Truth,2006,True,2.0
An Inconvenient Truth,2006,False,0.0
An Irish Goodbye,2022,True,1.0
An Irish Goodbye,2022,False,0.0
An Occurrence at Owl Creek Bridge,1963,True,1.0
An Occurrence at Owl Creek Bridge,1963,False,0.0
An Officer and a Gentleman,1982,True,2.0
An Officer and a Gentleman,1982,False,4.0
Anastasia,1956,True,1.0
Anastasia,1956,False,1.0
Anatomy of a Fall,2023,True,1.0
Anatomy of a Fall,2023,False,4.0
Anchors Aweigh,1945,False,4.0
Anchors Aweigh,1945,True,1.0
Angel and Big Joe,1975,False,0.0
Angel and Big Joe,1975,True,1.0
Anna & Bella,1985,True,1.0
Anna & Bella,1985,False,0.0
Anna Karenina,2012,False,3.0
Anna Karenina,2012,True,1.0
Anna and the King of Siam,1946,False,3.0
Anna and the King of Siam,1946,True,2.0
Anne Frank Remembered,1995,True,1.0
Anne Frank Remembered,1995,False,0.0
Anne of the Thousand Days,1969,True,1.0
Anne of the Thousand Days,1969,False,9.0
Annie Get Your Gun,1950,True,1.0
Annie Get Your Gun,1950,False,3.0
Annie Hall,1977,False,1.0
Annie Hall,1977,True,4.0
Another Round,2020,True,1.0
Another Round,2020,False,1.0
Anthony Adverse,1936,False,3.0
Anthony Adverse,1936,True,4.0
Antonia's Line (Antonia),1995,True,1.0
Antonia's Line (Antonia),1995,False,0.0
Apocalypse Now,1979,True,2.0
Apocalypse Now,1979,False,6.0
Apollo 13,1995,False,7.0
Apollo 13,1995,True,2.0
Aquatic House Party,1949,True,1.0
Aquatic House Party,1949,False,0.0
Argo,2012,True,3.0
Argo,2012,False,4.0
"Arise, My Love",1940,True,1.0
"Arise, My Love",1940,False,3.0
Around the World in 80 Days,1956,False,3.0
Around the World in 80 Days,1956,True,5.0
Arrival,2016,False,7.0
Arrival,2016,True,1.0
Arthur,1981,True,2.0
Arthur,1981,False,2.0
Arthur Rubinstein – The Love of Life (L'amour de la vie - Artur Rubinstein),1969,True,1.0
Arthur Rubinstein – The Love of Life (L'amour de la vie - Artur Rubinstein),1969,False,0.0
Artie Shaw: Time Is All You've Got,1986,True,1.0
Artie Shaw: Time Is All You've Got,1986,False,0.0
As Good as It Gets,1997,True,2.0
As Good as It Gets,1997,False,5.0
Atonement,2007,False,6.0
Atonement,2007,True,1.0
Avatar,2009,True,3.0
Avatar,2009,False,6.0
Avatar: The Way of Water,2022,True,1.0
Avatar: The Way of Water,2022,False,3.0
BUtterfield 8,1960,True,1.0
BUtterfield 8,1960,False,1.0
Babe,1995,False,6.0
Babe,1995,True,1.0
Babel,2006,True,1.0
Babel,2006,False,6.0
Babette's Feast (Babettes gæstebud),1987,False,0.0
Babette's Feast (Babettes gæstebud),1987,True,1.0
Back to the Future,1985,True,1.0
Back to the Future,1985,False,3.0
Bad Girl,1931,True,2.0
Bad Girl,1931,False,1.0
Balance,1989,True,1.0
Balance,1989,False,0.0
Bao,2018,False,0.0
Bao,2018,True,1.0
Barbie,2023,False,7.0
Barbie,2023,True,1.0
Barry Lyndon,1975,False,3.0
Barry Lyndon,1975,True,4.0
Batman,1989,True,1.0
Batman,1989,False,0.0
Battleground,1949,True,2.0
Battleground,1949,False,4.0
Bear Country,1953,True,1.0
Bear Country,1953,False,0.0
Bear Story,2015,False,0.0
Bear Story,2015,True,1.0
Beauty and the Beast,1991,False,4.0
Beauty and the Beast,1991,True,2.0
Becket,1964,False,11.0
Becket,1964,True,1.0
Bedknobs and Broomsticks,1971,True,1.0
Bedknobs and Broomsticks,1971,False,4.0
Beetlejuice,1988,True,1.0
Beetlejuice,1988,False,0.0
Beginners,2011,False,0.0
Beginners,2011,True,1.0
Being There,1979,True,1.0
Being There,1979,False,1.0
Belfast,2021,False,6.0
Belfast,2021,True,1.0
Belle Epoque (The Beautiful Era),1993,True,1.0
Belle Epoque (The Beautiful Era),1993,False,0.0
Ben-Hur,1959,True,11.0
Ben-Hur,1959,False,1.0
Benjy,1951,True,1.0
Benjy,1951,False,0.0
Best Boy,1979,False,0.0
Best Boy,1979,True,1.0
Beyond the Line of Duty,1942,False,0.0
Beyond the Line of Duty,1942,True,1.0
Bicycle Thieves,1949,True,
Bicycle Thieves,1949,False,
Big Hero 6,2014,True,1.0
Big Hero 6,2014,False,0.0
Big Mama,2000,False,0.0
Big Mama,2000,True,1.0
Bird,1988,False,0.0
Bird,1988,True,1.0
Birdman or (The Unexpected Virtue of Ignorance),2014,False,5.0
Birdman or (The Unexpected Virtue of Ignorance),2014,True,4.0
Birds Anonymous,1957,True,1.0
Birds Anonymous,1957,False,0.0
BlacKkKlansman,2018,True,1.0
BlacKkKlansman,2018,False,5.0
Black Fox: The Rise and Fall of Adolf Hitler (The Black Fox),1962,False,0.0
Black Fox: The Rise and Fall of Adolf Hitler (The Black Fox),1962,True,1.0
Black Hawk Down,2001,False,2.0
Black Hawk Down,2001,True,2.0
Black Narcissus,1947,False,0.0
Black Narcissus,1947,True,2.0
Black Orpheus (Orfeu Negro),1959,False,0.0
Black Orpheus (Orfeu Negro),1959,True,1.0
Black Panther,2018,True,3.0
Black Panther,2018,False,4.0
Black Panther: Wakanda Forever,2022,True,1.0
Black Panther: Wakanda Forever,2022,False,4.0
Black Rider (Schwarzfahrer),1993,False,0.0
Black Rider (Schwarzfahrer),1993,True,1.0
Black Swan,2010,False,4.0
Black Swan,2010,True,1.0
Black and White in Color (Noirs et blancs en couleur),1976,True,1.0
Black and White in Color (Noirs et blancs en couleur),1976,False,0.0
Blade Runner 2049,2017,False,3.0
Blade Runner 2049,2017,True,2.0
Blithe Spirit,1946,True,1.0
Blithe Spirit,1946,False,0.0
Blood and Sand,1941,False,1.0
Blood and Sand,1941,True,1.0
Blood on the Sun,1945,False,0.0
Blood on the Sun,1945,True,1.0
Blossoms in the Dust,1941,False,3.0
Blossoms in the Dust,1941,True,1.0
Blue Jasmine,2013,True,1.0
Blue Jasmine,2013,False,2.0
Blue Sky,1994,False,0.0
Blue Sky,1994,True,1.0
Board and Care,1979,False,0.0
Board and Care,1979,True,1.0
Bob's Birthday,1994,True,1.0
Bob's Birthday,1994,False,0.0
Body and Soul,1947,True,1.0
Body and Soul,1947,False,2.0
Bohemian Rhapsody,2018,True,4.0
Bohemian Rhapsody,2018,False,1.0
Bombshell,2019,False,2.0
Bombshell,2019,True,1.0
Bonnie and Clyde,1967,False,8.0
Bonnie and Clyde,1967,True,2.0
Bored of Education,1936,False,0.0
Bored of Education,1936,True,1.0
Born Free,1966,False,0.0
Born Free,1966,True,2.0
Born Yesterday,1950,False,4.0
Born Yesterday,1950,True,1.0
Born into Brothels,2004,False,0.0
Born into Brothels,2004,True,1.0
Born on the Fourth of July,1989,False,6.0
Born on the Fourth of July,1989,True,2.0
Bound for Glory,1976,True,2.0
Bound for Glory,1976,False,4.0
Bowling for Columbine,2002,False,0.0
Bowling for Columbine,2002,True,1.0
Boyhood,2014,True,1.0
Boyhood,2014,False,5.0
Boys Don't Cry,1999,True,1.0
Boys Don't Cry,1999,False,1.0
Boys Town,1938,False,3.0
Boys Town,1938,True,2.0
Boys and Girls,1983,False,0.0
Boys and Girls,1983,True,1.0
Bram Stoker's Dracula,1992,False,1.0
Bram Stoker's Dracula,1992,True,3.0
Brave,2012,True,1.0
Brave,2012,False,0.0
Braveheart,1995,True,5.0
Braveheart,1995,False,5.0
Breakfast at Tiffany's,1961,False,3.0
Breakfast at Tiffany's,1961,True,2.0
Breaking Away,1979,False,4.0
Breaking Away,1979,True,1.0
Breaking the Sound Barrier,1952,False,1.0
Breaking the Sound Barrier,1952,True,1.0
Breathing Lessons: The Life and Work of Mark O'Brien,1996,True,1.0
Breathing Lessons: The Life and Work of Mark O'Brien,1996,False,0.0
Bridge of Spies,2015,True,1.0
Bridge of Spies,2015,False,5.0
Broadway Melody of 1936,1935,True,1.0
Broadway Melody of 1936,1935,False,2.0
Brokeback Mountain,2005,True,3.0
Brokeback Mountain,2005,False,5.0
Broken Lance,1954,False,1.0
Broken Lance,1954,True,1.0
Broken Rainbow,1985,True,1.0
Broken Rainbow,1985,False,0.0
Bugsy,1991,True,2.0
Bugsy,1991,False,8.0
Bullets Over Broadway,1994,False,6.0
Bullets Over Broadway,1994,True,1.0
Bullitt,1968,False,1.0
Bullitt,1968,True,1.0
Bunny,1998,True,1.0
Bunny,1998,False,0.0
Burnt by the Sun (Utomlyonnye solntsem),1994,False,0.0
Burnt by the Sun (Utomlyonnye solntsem),1994,True,1.0
Busy Little Bears,1939,True,1.0
Busy Little Bears,1939,False,0.0
Butch Cassidy and the Sundance Kid,1969,False,3.0
Butch Cassidy and the Sundance Kid,1969,True,4.0
Butterflies Are Free,1972,True,1.0
Butterflies Are Free,1972,False,2.0
CODA,2021,True,3.0
CODA,2021,False,0.0
Cabaret,1972,False,2.0
Cabaret,1972,True,8.0
Cactus Flower,1969,True,1.0
Cactus Flower,1969,False,0.0
Calamity Jane,1953,True,1.0
Calamity Jane,1953,False,2.0
California Suite,1978,False,2.0
California Suite,1978,True,1.0
Call Me Madam,1953,False,1.0
Call Me Madam,1953,True,1.0
Call Me by Your Name,2017,False,3.0
Call Me by Your Name,2017,True,1.0
Camelot,1967,False,2.0
Camelot,1967,True,3.0
Capote,2005,True,1.0
Capote,2005,False,4.0
"Captain Carey, U.S.A.",1950,True,1.0
"Captain Carey, U.S.A.",1950,False,0.0
Captains Courageous,1937,True,1.0
Captains Courageous,1937,False,3.0
Casablanca,1943,True,3.0
Casablanca,1943,False,5.0
Casals Conducts: 1964,1964,True,1.0
Casals Conducts: 1964,1964,False,0.0
Cat Ballou,1965,True,1.0
Cat Ballou,1965,False,4.0
Cavalcade,1932,False,1.0
Cavalcade,1932,True,3.0
Chagall,1963,True,1.0
Chagall,1963,False,0.0
Champion,1949,True,1.0
Champion,1949,False,5.0
Character (Karakter),1997,True,1.0
Character (Karakter),1997,False,0.0
Charade,1984,False,0.0
Charade,1984,True,1.0
Chariots of Fire,1981,True,4.0
Chariots of Fire,1981,False,3.0
Charly,1968,True,1.0
Charly,1968,False,0.0
Chernobyl Heart,2003,False,0.0
Chernobyl Heart,2003,True,1.0
Chicago,2002,True,6.0
Chicago,2002,False,7.0
Children of a Lesser God,1986,True,1.0
Children of a Lesser God,1986,False,4.0
Chinatown,1974,True,1.0
Chinatown,1974,False,10.0
Churchill's Island,1941,True,1.0
Churchill's Island,1941,False,0.0
Cimarron,1930,True,3.0
Cimarron,1930,False,4.0
Cinema Paradiso,1989,False,0.0
Cinema Paradiso,1989,True,1.0
Citizen Kane,1941,False,8.0
Citizen Kane,1941,True,1.0
Citizenfour,2014,True,1.0
Citizenfour,2014,False,0.0
City Slickers,1991,False,0.0
City Slickers,1991,True,1.0
City of Wax,1934,True,1.0
City of Wax,1934,False,0.0
Cleopatra,1934,False,4.0
Cleopatra,1963,True,4.0
Cleopatra,1963,False,5.0
Cleopatra,1934,True,1.0
Climbing the Matterhorn,1947,True,1.0
Climbing the Matterhorn,1947,False,0.0
Close Encounters of the Third Kind,1977,True,
Close Encounters of the Third Kind,1977,False,
Close Harmony,1981,False,0.0
Close Harmony,1981,True,1.0
Closed Mondays,1974,False,0.0
Closed Mondays,1974,True,1.0
Closely Watched Trains (Ostre sledované vlaky),1967,False,0.0
Closely Watched Trains (Ostre sledované vlaky),1967,True,1.0
Coal Miner's Daughter,1980,False,6.0
Coal Miner's Daughter,1980,True,1.0
Coco,2017,True,2.0
Coco,2017,False,0.0
Cocoon,1985,False,0.0
Cocoon,1985,True,2.0
Cold Mountain,2003,True,1.0
Cold Mountain,2003,False,6.0
Colette,2020,True,1.0
Colette,2020,False,0.0
"Come Back, Little Sheba",1952,True,1.0
"Come Back, Little Sheba",1952,False,2.0
Come and Get It,1936,True,1.0
Come and Get It,1936,False,1.0
Coming Home,1978,False,5.0
Coming Home,1978,True,3.0
Common Threads: Stories from the Quilt,1989,False,0.0
Common Threads: Stories from the Quilt,1989,True,1.0
Cool Hand Luke,1967,False,3.0
Cool Hand Luke,1967,True,1.0
Coquette,1928,True,1.0
Coquette,1928,False,0.0
Cover Girl,1944,False,4.0
Cover Girl,1944,True,1.0
Crac,1981,True,1.0
Crac,1981,False,0.0
Crash,2005,True,3.0
Crash,2005,False,3.0
Crash Dive,1943,False,0.0
Crash Dive,1943,True,1.0
Crashing the Water Barrier,1956,True,1.0
Crashing the Water Barrier,1956,False,0.0
Crazy Heart,2009,True,2.0
Crazy Heart,2009,False,1.0
Creature Comforts,1990,False,0.0
Creature Comforts,1990,True,1.0
Cries and Whispers (Viskningar och rop),1973,False,4.0
Cries and Whispers (Viskningar och rop),1973,True,1.0
Crisis Hotline: Veterans Press 1,2014,False,0.0
Crisis Hotline: Veterans Press 1,2014,True,1.0
Cromwell,1970,False,1.0
Cromwell,1970,True,1.0
"Crouching Tiger, Hidden Dragon",2000,True,4.0
"Crouching Tiger, Hidden Dragon",2000,False,6.0
Cruella,2021,True,1.0
Cruella,2021,False,1.0
Curfew,2012,False,0.0
Curfew,2012,True,1.0
Cyrano de Bergerac,1950,True,1.0
Cyrano de Bergerac,1950,False,0.0
Cyrano de Bergerac,1990,False,4.0
Cyrano de Bergerac,1990,True,1.0
Czechoslovakia 1968,1969,False,0.0
Czechoslovakia 1968,1969,True,1.0
Dallas Buyers Club,2013,True,3.0
Dallas Buyers Club,2013,False,3.0
Dances with Wolves,1990,True,7.0
Dances with Wolves,1990,False,5.0
Dangerous,1935,False,0.0
Dangerous,1935,True,1.0
Dangerous Liaisons,1988,True,3.0
Dangerous Liaisons,1988,False,4.0
Dangerous Moves (La Diagonale du fou),1984,True,1.0
Dangerous Moves (La Diagonale du fou),1984,False,0.0
Darkest Hour,2017,False,4.0
Darkest Hour,2017,True,2.0
Darling,1965,True,3.0
Darling,1965,False,2.0
Day for Night (La Nuit américaine),1973,False,3.0
Day for Night (La Nuit américaine),1973,True,1.0
Day of the Painter,1960,True,1.0
Day of the Painter,1960,False,0.0
Daybreak in Udi,1949,False,0.0
Daybreak in Udi,1949,True,1.0
Days of Heaven,1978,False,3.0
Days of Heaven,1978,True,1.0
Days of Waiting,1990,False,0.0
Days of Waiting,1990,True,1.0
Days of Wine and Roses,1962,True,1.0
Days of Wine and Roses,1962,False,4.0
Dead Man Walking,1995,False,3.0
Dead Man Walking,1995,True,1.0
Dead Poets Society,1989,True,1.0
Dead Poets Society,1989,False,3.0
"Deadly Deception: General Electric, Nuclear Weapons and Our Environment",1991,True,1.0
"Deadly Deception: General Electric, Nuclear Weapons and Our Environment",1991,False,0.0
Dear Basketball,2017,True,1.0
Dear Basketball,2017,False,0.0
Dear Diary,1996,True,1.0
Dear Diary,1996,False,0.0
Death Becomes Her,1992,True,1.0
Death Becomes Her,1992,False,0.0
Death on the Nile,1978,True,1.0
Death on the Nile,1978,False,0.0
December 7th,1943,False,0.0
December 7th,1943,True,1.0
Declaration of Independence,1938,False,0.0
Declaration of Independence,1938,True,1.0
Defending Our Lives,1993,False,0.0
Defending Our Lives,1993,True,1.0
Departures,2008,False,0.0
Departures,2008,True,1.0
Der Fuehrer's Face,1942,False,0.0
Der Fuehrer's Face,1942,True,1.0
Dersu Uzala,1975,False,0.0
Dersu Uzala,1975,True,1.0
Desert Victory,1943,False,0.0
Desert Victory,1943,True,1.0
Design for Death,1947,False,0.0
Design for Death,1947,True,1.0
Designing Woman,1957,False,0.0
Designing Woman,1957,True,1.0
Destination Moon,1950,True,1.0
Destination Moon,1950,False,1.0
Dick Tracy,1990,False,4.0
Dick Tracy,1990,True,3.0
Dirty Dancing,1987,False,0.0
Dirty Dancing,1987,True,1.0
Disraeli,1929,True,1.0
Disraeli,1929,False,2.0
Divorce Italian Style,1962,True,1.0
Divorce Italian Style,1962,False,2.0
Django Unchained,2012,False,3.0
Django Unchained,2012,True,2.0
Doctor Dolittle,1967,False,7.0
Doctor Dolittle,1967,True,2.0
Doctor Zhivago,1965,True,5.0
Doctor Zhivago,1965,False,5.0
Dodsworth,1936,True,1.0
Dodsworth,1936,False,6.0
Dog Day Afternoon,1975,True,1.0
Dog Day Afternoon,1975,False,5.0
Don't,1974,False,0.0
Don't,1974,True,1.0
Down and Out in America,1986,False,0.0
Down and Out in America,1986,True,1.0
Dr. Jekyll and Mr. Hyde,1931,False,2.0
Dr. Jekyll and Mr. Hyde,1931,True,1.0
Dreamgirls,2006,True,2.0
Dreamgirls,2006,False,6.0
Drive My Car,2021,False,3.0
Drive My Car,2021,True,1.0
Driving Miss Daisy,1989,False,5.0
Driving Miss Daisy,1989,True,4.0
Dumbo,1941,False,1.0
Dumbo,1941,True,1.0
Dune,2021,True,6.0
Dune,2021,False,4.0
Dunkirk,2017,False,5.0
Dunkirk,2017,True,3.0
Dylan Thomas,1962,False,0.0
Dylan Thomas,1962,True,1.0
E.T.: The Extra-Terrestrial,1982,True,4.0
E.T.: The Extra-Terrestrial,1982,False,5.0
Earthquake,1974,False,
Earthquake,1974,True,
East of Eden,1955,False,3.0
East of Eden,1955,True,1.0
Easter Parade,1948,True,1.0
Easter Parade,1948,False,0.0
Ed Wood,1994,True,2.0
Ed Wood,1994,False,0.0
Educating Peter,1992,False,0.0
Educating Peter,1992,True,1.0
Election Night (Valgaften),1998,False,0.0
Election Night (Valgaften),1998,True,1.0
Elizabeth,1998,True,1.0
Elizabeth,1998,False,6.0
Elizabeth: The Golden Age,2007,True,1.0
Elizabeth: The Golden Age,2007,False,1.0
Elmer Gantry,1960,False,2.0
Elmer Gantry,1960,True,3.0
Emma,1996,True,1.0
Emma,1996,False,1.0
Encanto,2021,True,1.0
Encanto,2021,False,2.0
Erin Brockovich,2000,False,4.0
Erin Brockovich,2000,True,1.0
Eskimo,1934,False,0.0
Eskimo,1934,True,1.0
Eternal Sunshine of the Spotless Mind,2004,False,1.0
Eternal Sunshine of the Spotless Mind,2004,True,1.0
Every Child,1979,True,1.0
Every Child,1979,False,0.0
Everything Everywhere All at Once,2022,False,4.0
Everything Everywhere All at Once,2022,True,7.0
Evita,1996,False,4.0
Evita,1996,True,1.0
Ex Machina,2015,False,1.0
Ex Machina,2015,True,1.0
Exodus,1960,True,1.0
Exodus,1960,False,2.0
Facing Your Danger,1946,False,0.0
Facing Your Danger,1946,True,1.0
Fame,1980,True,2.0
Fame,1980,False,4.0
Fanny & Alexander (Fanny och Alexander),1983,True,4.0
Fanny & Alexander (Fanny och Alexander),1983,False,2.0
Fantastic Beasts and Where to Find Them,2016,False,1.0
Fantastic Beasts and Where to Find Them,2016,True,1.0
Fantastic Voyage,1966,False,3.0
Fantastic Voyage,1966,True,2.0
Fargo,1996,False,5.0
Fargo,1996,True,2.0
Father Goose,1964,False,2.0
Father Goose,1964,True,1.0
Father and Daughter,2000,True,1.0
Father and Daughter,2000,False,0.0
Feast,2014,True,1.0
Feast,2014,False,0.0
Federico Fellini's 8½,1963,True,2.0
Federico Fellini's 8½,1963,False,3.0
Fellini's Casanova (Il Casanova di Federico Fellini),1976,True,1.0
Fellini's Casanova (Il Casanova di Federico Fellini),1976,False,1.0
Fences,2016,False,3.0
Fences,2016,True,1.0
Ferdinand the Bull,1938,True,1.0
Ferdinand the Bull,1938,False,0.0
Fiddler on the Roof,1971,True,3.0
Fiddler on the Roof,1971,False,5.0
Finding Nemo,2003,True,1.0
Finding Nemo,2003,False,3.0
Finding Neverland,2004,False,6.0
Finding Neverland,2004,True,1.0
First Man,2018,False,3.0
First Man,2018,True,1.0
First Steps,1947,True,1.0
First Steps,1947,False,0.0
Flamenco at 5:15,1983,False,0.0
Flamenco at 5:15,1983,True,1.0
Flashdance,1983,False,3.0
Flashdance,1983,True,1.0
Flowers and Trees,1931,False,0.0
Flowers and Trees,1931,True,1.0
Folies Bergere,1935,True,1.0
Folies Bergere,1935,False,0.0
For Scent-imental Reasons,1949,False,0.0
For Scent-imental Reasons,1949,True,1.0
For Whom the Bell Tolls,1943,True,1.0
For Whom the Bell Tolls,1943,False,8.0
For the Birds,2001,False,0.0
For the Birds,2001,True,1.0
Forbidden Games,1952,False,
Forbidden Games,1952,True,
Ford v Ferrari,2019,False,2.0
Ford v Ferrari,2019,True,2.0
Forrest Gump,1994,False,7.0
Forrest Gump,1994,True,6.0
Frank Film,1973,True,1.0
Frank Film,1973,False,0.0
Franz Kafka's It's a Wonderful Life,1994,True,1.0
Franz Kafka's It's a Wonderful Life,1994,False,0.0
Free Solo,2018,True,1.0
Free Solo,2018,False,0.0
Freeheld,2007,False,0.0
Freeheld,2007,True,1.0
Frenchman's Creek,1945,True,1.0
Frenchman's Creek,1945,False,0.0
Frida,2002,False,4.0
Frida,2002,True,2.0
From Here to Eternity,1953,True,8.0
From Here to Eternity,1953,False,5.0
From Mao to Mozart: Isaac Stern in China,1980,False,0.0
From Mao to Mozart: Isaac Stern in China,1980,True,1.0
Frozen,2013,True,2.0
Frozen,2013,False,0.0
Funny Girl,1968,False,7.0
Funny Girl,1968,True,1.0
Gandhi,1982,True,8.0
Gandhi,1982,False,3.0
Gaslight,1944,False,5.0
Gaslight,1944,True,2.0
Gate of Hell (Jigokumon),1954,False,
Gate of Hell (Jigokumon),1954,True,
Genocide,1981,False,0.0
Genocide,1981,True,1.0
Gentleman's Agreement,1947,False,5.0
Gentleman's Agreement,1947,True,3.0
Gerald McBoing-Boing,1950,False,0.0
Gerald McBoing-Boing,1950,True,1.0
Geri's Game,1997,True,1.0
Geri's Game,1997,False,0.0
Get Out,2017,True,1.0
Get Out,2017,False,3.0
Get Out Your Handkerchiefs (Préparez vos mouchoirs),1978,False,0.0
Get Out Your Handkerchiefs (Préparez vos mouchoirs),1978,True,1.0
Ghost,1990,True,2.0
Ghost,1990,False,3.0
Giant,1956,False,9.0
Giant,1956,True,1.0
Gigi,1958,False,0.0
Gigi,1958,True,9.0
"Girl, Interrupted",1999,True,1.0
"Girl, Interrupted",1999,False,0.0
Giuseppina,1960,False,0.0
Giuseppina,1960,True,1.0
Give Me Liberty,1936,True,1.0
Give Me Liberty,1936,False,0.0
Gladiator,2000,False,7.0
Gladiator,2000,True,5.0
Glass (Glas),1959,False,0.0
Glass (Glas),1959,True,1.0
Glory,1989,True,3.0
Glory,1989,False,2.0
God of Love,2010,False,0.0
God of Love,2010,True,1.0
Gods and Monsters,1998,False,2.0
Gods and Monsters,1998,True,1.0
Godzilla Minus One,2023,False,0.0
Godzilla Minus One,2023,True,1.0
Going My Way,1944,False,3.0
Going My Way,1944,True,7.0
Gold Diggers of 1935,1935,True,1.0
Gold Diggers of 1935,1935,False,1.0
Goldfinger,1964,False,0.0
Goldfinger,1964,True,1.0
Gone with the Wind,1939,True,
Gone with the Wind,1939,False,
Good Will Hunting,1997,False,7.0
Good Will Hunting,1997,True,2.0
"Goodbye, Miss Turlock",1947,True,1.0
"Goodbye, Miss Turlock",1947,False,0.0
"Goodbye, Mr. Chips",1939,False,6.0
"Goodbye, Mr. Chips",1939,True,1.0
Goodfellas,1990,True,1.0
Goodfellas,1990,False,5.0
Gosford Park,2001,False,6.0
Gosford Park,2001,True,1.0
Grand Canyon,1958,True,1.0
Grand Canyon,1958,False,0.0
Grand Hotel,1931,True,1.0
Grand Hotel,1931,False,0.0
Grand Prix,1966,True,3.0
Grand Prix,1966,False,0.0
Grandad of Races,1950,True,1.0
Grandad of Races,1950,False,0.0
Gravity,2013,False,3.0
Gravity,2013,True,7.0
Gravity Is My Enemy,1977,True,1.0
Gravity Is My Enemy,1977,False,0.0
Great (Great (Isambard Kingdom Brunel)),1975,True,1.0
Great (Great (Isambard Kingdom Brunel)),1975,False,0.0
Great Expectations,1947,True,2.0
Great Expectations,1947,False,3.0
Green Book,2018,True,3.0
Green Book,2018,False,2.0
Green Dolphin Street,1947,False,3.0
Green Dolphin Street,1947,True,1.0
Guess Who's Coming to Dinner,1967,True,2.0
Guess Who's Coming to Dinner,1967,False,8.0
Guillermo del Toro's Pinocchio,2022,False,0.0
Guillermo del Toro's Pinocchio,2022,True,1.0
Hacksaw Ridge,2016,True,2.0
Hacksaw Ridge,2016,False,4.0
Hair Love,2019,False,0.0
Hair Love,2019,True,1.0
Hamlet,1948,True,4.0
Hamlet,1948,False,3.0
Hannah and Her Sisters,1986,True,3.0
Hannah and Her Sisters,1986,False,4.0
Happy Anniversary (Heureux Anniversaire),1962,False,0.0
Happy Anniversary (Heureux Anniversaire),1962,True,1.0
Happy Feet,2006,False,0.0
Happy Feet,2006,True,1.0
"Harlan County, USA",1976,False,0.0
"Harlan County, USA",1976,True,1.0
Harry and Tonto,1974,False,1.0
Harry and Tonto,1974,True,1.0
Harry and the Hendersons,1987,False,0.0
Harry and the Hendersons,1987,True,1.0
Harvey,1950,False,1.0
Harvey,1950,True,1.0
Harvie Krumpet,2003,False,0.0
Harvie Krumpet,2003,True,1.0
He Makes Me Feel Like Dancin',1983,True,1.0
He Makes Me Feel Like Dancin',1983,False,0.0
Hearts and Minds,1974,False,0.0
Hearts and Minds,1974,True,1.0
Heaven Can Wait,1978,False,8.0
Heaven Can Wait,1978,True,1.0
Heaven Is a Traffic Jam on the 405,2017,False,0.0
Heaven Is a Traffic Jam on the 405,2017,True,1.0
Heavenly Music,1943,False,0.0
Heavenly Music,1943,True,1.0
Helen Keller in Her Story (The Unconquered),1955,True,1.0
Helen Keller in Her Story (The Unconquered),1955,False,0.0
Helium,2013,True,1.0
Helium,2013,False,0.0
"Hello, Dolly!",1969,False,4.0
"Hello, Dolly!",1969,True,3.0
"Hello, Frisco, Hello",1943,False,1.0
"Hello, Frisco, Hello",1943,True,1.0
Henry V,1946,False,
Henry V,1989,True,1.0
Henry V,1946,True,
Henry V,1989,False,2.0
Her,2013,False,4.0
Her,2013,True,1.0
Here Comes Mr. Jordan,1941,True,2.0
Here Comes Mr. Jordan,1941,False,5.0
Here Comes the Groom,1951,False,1.0
Here Comes the Groom,1951,True,1.0
High Noon,1952,False,3.0
High Noon,1952,True,4.0
Hitler Lives,1945,True,1.0
Hitler Lives,1945,False,0.0
Holiday Inn,1942,False,2.0
Holiday Inn,1942,True,1.0
How Green Was My Valley,1941,False,5.0
How Green Was My Valley,1941,True,5.0
How the Grinch Stole Christmas,2000,False,2.0
How the Grinch Stole Christmas,2000,True,1.0
How the West Was Won,1963,False,5.0
How the West Was Won,1963,True,3.0
How to Sleep,1935,True,1.0
How to Sleep,1935,False,0.0
Howards End,1992,False,6.0
Howards End,1992,True,3.0
Hud,1963,True,3.0
Hud,1963,False,4.0
Hugo,2011,False,6.0
Hugo,2011,True,5.0
Hustle & Flow,2005,False,1.0
Hustle & Flow,2005,True,1.0
Hôtel Terminus: The Life and Times of Klaus Barbie,1988,False,0.0
Hôtel Terminus: The Life and Times of Klaus Barbie,1988,True,1.0
I Am a Promise: The Children of Stanton Elementary School,1993,False,0.0
I Am a Promise: The Children of Stanton Elementary School,1993,True,1.0
I Want to Live!,1958,False,5.0
I Want to Live!,1958,True,1.0
I Wanted Wings,1941,False,0.0
I Wanted Wings,1941,True,1.0
I Won't Play,1944,False,0.0
I Won't Play,1944,True,1.0
I'll Cry Tomorrow,1955,False,3.0
I'll Cry Tomorrow,1955,True,1.0
I'll Find a Way,1977,True,1.0
I'll Find a Way,1977,False,0.0
"I, Tonya",2017,False,2.0
"I, Tonya",2017,True,1.0
Icarus,2017,False,0.0
Icarus,2017,True,1.0
Ida,2014,False,1.0
Ida,2014,True,1.0
If Anything Happens I Love You,2020,False,0.0
If Anything Happens I Love You,2020,True,1.0
If Beale Street Could Talk,2018,True,1.0
If Beale Street Could Talk,2018,False,2.0
If You Love This Planet,1982,False,0.0
If You Love This Planet,1982,True,1.0
Il Postino: The Postman,1995,True,1.0
Il Postino: The Postman,1995,False,4.0
In Beaver Valley,1950,False,0.0
In Beaver Valley,1950,True,1.0
In Old Arizona,1928,True,1.0
In Old Arizona,1928,False,4.0
In Old Chicago,1937,False,4.0
In Old Chicago,1937,True,2.0
In Which We Serve,1942,True,
In Which We Serve,1942,False,
In a Better World,2010,True,1.0
In a Better World,2010,False,0.0
In the Heat of the Night,1967,True,5.0
In the Heat of the Night,1967,False,2.0
In the Region of Ice,1976,True,1.0
In the Region of Ice,1976,False,0.0
In the Shadow of the Stars,1991,False,0.0
In the Shadow of the Stars,1991,True,1.0
Inception,2010,False,4.0
Inception,2010,True,4.0
Independence Day,1996,False,1.0
Independence Day,1996,True,1.0
Indiana Jones and the Last Crusade,1989,False,2.0
Indiana Jones and the Last Crusade,1989,True,1.0
Indiana Jones and the Temple of Doom,1984,False,1.0
Indiana Jones and the Temple of Doom,1984,True,1.0
Indochine,1992,False,1.0
Indochine,1992,True,1.0
Inglourious Basterds,2009,False,7.0
Inglourious Basterds,2009,True,1.0
Innerspace,1987,False,0.0
Innerspace,1987,True,1.0
Inocente,2012,False,0.0
Inocente,2012,True,1.0
Inside Job,2010,True,1.0
Inside Job,2010,False,0.0
Inside Out,2015,False,1.0
Inside Out,2015,True,1.0
Interrupted Melody,1955,False,2.0
Interrupted Melody,1955,True,1.0
Interstellar,2014,True,1.0
Interstellar,2014,False,4.0
Interviews with My Lai Veterans,1970,False,0.0
Interviews with My Lai Veterans,1970,True,1.0
Into the Arms of Strangers: Stories of the Kindertransport,2000,False,0.0
Into the Arms of Strangers: Stories of the Kindertransport,2000,True,1.0
Investigation of a Citizen Above Suspicion (Indagine su un cittadino al di sopra di ogni sospetto),1970,False,1.0
Investigation of a Citizen Above Suspicion (Indagine su un cittadino al di sopra di ogni sospetto),1970,True,1.0
Iris,2001,True,1.0
Iris,2001,False,2.0
Irma la Douce,1963,False,2.0
Irma la Douce,1963,True,1.0
Is It Always Right to Be Right?,1970,True,1.0
Is It Always Right to Be Right?,1970,False,0.0
It Happened One Night,1934,False,0.0
It Happened One Night,1934,True,5.0
It's Tough to Be a Bird,1969,True,1.0
It's Tough to Be a Bird,1969,False,0.0
"It's a Mad, Mad, Mad, Mad World",1963,False,5.0
"It's a Mad, Mad, Mad, Mad World",1963,True,1.0
JFK,1991,False,6.0
JFK,1991,True,2.0
Jaws,1975,True,3.0
Jaws,1975,False,1.0
Jerry Maguire,1996,True,1.0
Jerry Maguire,1996,False,4.0
Jezebel,1938,True,2.0
Jezebel,1938,False,3.0
Joan of Arc,1948,False,
Joan of Arc,1948,True,
Johann Mouse,1952,False,0.0
Johann Mouse,1952,True,1.0
Johnny Belinda,1948,True,1.0
Johnny Belinda,1948,False,11.0
Johnny Eager,1942,True,1.0
Johnny Eager,1942,False,0.0
Jojo Rabbit,2019,True,1.0
Jojo Rabbit,2019,False,5.0
Joker,2019,True,2.0
Joker,2019,False,9.0
Journey into Self,1968,False,0.0
Journey into Self,1968,True,1.0
Journey of Hope (Reise der Hoffnung),1990,True,1.0
Journey of Hope (Reise der Hoffnung),1990,False,0.0
Judas and the Black Messiah,2020,False,4.0
Judas and the Black Messiah,2020,True,2.0
Judgment at Nuremberg,1961,False,9.0
Judgment at Nuremberg,1961,True,2.0
Judy,2019,False,1.0
Judy,2019,True,1.0
Julia,1977,False,8.0
Julia,1977,True,3.0
Julius Caesar,1953,True,1.0
Julius Caesar,1953,False,4.0
Juno,2007,False,3.0
Juno,2007,True,1.0
Jurassic Park,1993,False,0.0
Jurassic Park,1993,True,3.0
Just Another Missing Kid,1982,True,1.0
Just Another Missing Kid,1982,False,
Karl Hess: Toward Liberty,1980,False,0.0
Karl Hess: Toward Liberty,1980,True,1.0
Kentucky,1938,False,0.0
Kentucky,1938,True,1.0
Key Largo,1948,True,1.0
Key Largo,1948,False,0.0
King Gimp,1999,False,0.0
King Gimp,1999,True,1.0
King Kong,2005,False,1.0
King Kong,2005,True,3.0
King Kong,1976,True,
King Kong,1976,False,
King Richard,2021,False,5.0
King Richard,2021,True,1.0
King Solomon's Mines,1950,False,1.0
King Solomon's Mines,1950,True,2.0
King of Jazz,1929,False,0.0
King of Jazz,1929,True,1.0
Kiss of the Spider Woman,1985,True,1.0
Kiss of the Spider Woman,1985,False,3.0
Kitty Foyle (Kitty Foyle: The Natural History of a Woman),1940,True,1.0
Kitty Foyle (Kitty Foyle: The Natural History of a Woman),1940,False,4.0
Klute,1971,False,1.0
Klute,1971,True,1.0
Knighty Knight Bugs,1958,True,1.0
Knighty Knight Bugs,1958,False,0.0
Kokoda Front Line!,1942,False,0.0
Kokoda Front Line!,1942,True,1.0
Kolya,1996,True,1.0
Kolya,1996,False,0.0
Kon-Tiki,1950,True,1.0
Kon-Tiki,1950,False,0.0
Krakatoa,1932,True,1.0
Krakatoa,1932,False,0.0
Kramer vs. Kramer,1979,True,5.0
Kramer vs. Kramer,1979,False,4.0
L.A. Confidential,1997,True,2.0
L.A. Confidential,1997,False,7.0
La Cucaracha,1934,True,1.0
La Cucaracha,1934,False,0.0
La Dolce Vita,1961,False,3.0
La Dolce Vita,1961,True,1.0
La La Land,2016,False,8.0
La La Land,2016,True,6.0
La Maison en Petits Cubes,2008,False,0.0
La Maison en Petits Cubes,2008,True,1.0
La Strada (The Road),1956,False,1.0
La Strada (The Road),1956,True,1.0
La Vie en rose,2007,False,1.0
La Vie en rose,2007,True,2.0
Lady Be Good,1941,False,0.0
Lady Be Good,1941,True,1.0
Laura,1944,True,1.0
Laura,1944,False,4.0
Lawrence of Arabia,1962,True,7.0
Lawrence of Arabia,1962,False,3.0
Le Mozart des pickpockets,2007,True,1.0
Le Mozart des pickpockets,2007,False,0.0
Learning to Skateboard in a Warzone (If You're a Girl),2019,True,1.0
Learning to Skateboard in a Warzone (If You're a Girl),2019,False,0.0
Leave Her to Heaven,1945,False,3.0
Leave Her to Heaven,1945,True,1.0
Leaving Las Vegas,1995,True,1.0
Leaving Las Vegas,1995,False,3.0
Legends of the Fall,1994,True,1.0
Legends of the Fall,1994,False,2.0
Leisure,1976,True,1.0
Leisure,1976,False,0.0
Lemony Snicket's A Series of Unfortunate Events,2004,True,1.0
Lemony Snicket's A Series of Unfortunate Events,2004,False,3.0
Lend a Paw,1941,False,0.0
Lend a Paw,1941,True,1.0
Les Girls,1957,False,2.0
Les Girls,1957,True,1.0
Les Misérables,2012,True,3.0
Les Misérables,2012,False,5.0
Let It Be,1970,True,1.0
Let It Be,1970,False,0.0
Letters from Iwo Jima,2006,True,1.0
Letters from Iwo Jima,2006,False,3.0
Lieberman in Love,1995,True,1.0
Lieberman in Love,1995,False,0.0
Life Is Beautiful (La vita è bella),1998,False,4.0
Life Is Beautiful (La vita è bella),1998,True,3.0
Life of Pi,2012,True,4.0
Life of Pi,2012,False,7.0
Light in the Window,1952,False,0.0
Light in the Window,1952,True,1.0
Lili,1953,True,1.0
Lili,1953,False,5.0
Lilies of the Field,1963,True,1.0
Lilies of the Field,1963,False,4.0
Limelight,1972,False,
Limelight,1972,True,1.0
Lincoln,2012,True,2.0
Lincoln,2012,False,10.0
Little Miss Sunshine,2006,False,2.0
Little Miss Sunshine,2006,True,2.0
Little Women,2019,True,1.0
Little Women,1932,False,2.0
Little Women,1949,True,1.0
Little Women,2019,False,5.0
Little Women,1949,False,1.0
Little Women,1932,True,1.0
Logan's Run,1976,True,
Logan's Run,1976,False,
Logorama,2009,True,1.0
Logorama,2009,False,0.0
Lost Horizon,1937,False,5.0
Lost Horizon,1937,True,2.0
Lost in Translation,2003,False,3.0
Lost in Translation,2003,True,1.0
Love Is a Many-Splendored Thing,1955,True,3.0
Love Is a Many-Splendored Thing,1955,False,5.0
Love Me or Leave Me,1955,True,1.0
Love Me or Leave Me,1955,False,5.0
Love Story,1970,True,1.0
Love Story,1970,False,6.0
Lovers and Other Strangers,1970,True,1.0
Lovers and Other Strangers,1970,False,2.0
Lust for Life,1956,True,1.0
Lust for Life,1956,False,3.0
M*A*S*H,1970,True,1.0
M*A*S*H,1970,False,4.0
Ma Rainey's Black Bottom,2020,True,2.0
Ma Rainey's Black Bottom,2020,False,3.0
Mad Max: Fury Road,2015,True,6.0
Mad Max: Fury Road,2015,False,4.0
Madame Rosa (La Vie devant soi),1977,True,1.0
Madame Rosa (La Vie devant soi),1977,False,0.0
Magoo's Puddle Jumper,1956,False,0.0
Magoo's Puddle Jumper,1956,True,1.0
Main Street on the March!,1941,False,0.0
Main Street on the March!,1941,True,1.0
Man on Wire,2008,True,1.0
Man on Wire,2008,False,0.0
Manchester by the Sea,2016,True,2.0
Manchester by the Sea,2016,False,4.0
Manhattan Melodrama,1934,False,0.0
Manhattan Melodrama,1934,True,1.0
Manipulation,1991,True,1.0
Manipulation,1991,False,0.0
Mank,2020,False,8.0
Mank,2020,True,2.0
March of the Penguins (La Marche de l'empereur),2005,True,1.0
March of the Penguins (La Marche de l'empereur),2005,False,0.0
Marie Antoinette,2006,False,0.0
Marie Antoinette,2006,True,1.0
Marie-Louise,1945,False,0.0
Marie-Louise,1945,True,1.0
Marjoe,1972,True,1.0
Marjoe,1972,False,0.0
Marooned,1969,True,1.0
Marooned,1969,False,2.0
Marriage Story,2019,False,5.0
Marriage Story,2019,True,1.0
Marty,1955,False,4.0
Marty,1955,True,4.0
Mary Poppins,1964,True,5.0
Mary Poppins,1964,False,8.0
Mask,1985,False,0.0
Mask,1985,True,1.0
Master and Commander: The Far Side of the World,2003,True,2.0
Master and Commander: The Far Side of the World,2003,False,8.0
Maya Lin: A Strong Clear Vision,1994,True,1.0
Maya Lin: A Strong Clear Vision,1994,False,0.0
Mediterraneo,1991,True,1.0
Mediterraneo,1991,False,0.0
Melvin and Howard,1980,True,2.0
Melvin and Howard,1980,False,1.0
Memoirs of a Geisha,2005,False,3.0
Memoirs of a Geisha,2005,True,3.0
Men Against the Arctic,1955,True,1.0
Men Against the Arctic,1955,False,0.0
Men in Black,1997,False,2.0
Men in Black,1997,True,1.0
Mephisto,1981,False,0.0
Mephisto,1981,True,1.0
Michael Clayton,2007,True,1.0
Michael Clayton,2007,False,6.0
Midnight Cowboy,1969,True,3.0
Midnight Cowboy,1969,False,4.0
Midnight Express,1978,False,4.0
Midnight Express,1978,True,2.0
Midnight in Paris,2011,True,1.0
Midnight in Paris,2011,False,3.0
Mighty Aphrodite,1995,True,1.0
Mighty Aphrodite,1995,False,1.0
Mighty Joe Young,1949,True,1.0
Mighty Joe Young,1949,False,0.0
Mighty Times: The Children's March,2004,False,0.0
Mighty Times: The Children's March,2004,True,1.0
Mildred Pierce,1945,True,1.0
Mildred Pierce,1945,False,5.0
Milk,2008,True,2.0
Milk,2008,False,6.0
Million Dollar Baby,2004,False,3.0
Million Dollar Baby,2004,True,4.0
Min and Bill,1930,False,0.0
Min and Bill,1930,True,1.0
Minari,2020,True,1.0
Minari,2020,False,5.0
Miracle on 34th Street,1947,False,1.0
Miracle on 34th Street,1947,True,3.0
Misery,1990,False,0.0
Misery,1990,True,1.0
Missing,1982,False,3.0
Missing,1982,True,1.0
Mississippi Burning,1988,False,6.0
Mississippi Burning,1988,True,1.0
Mister Roberts,1955,False,2.0
Mister Roberts,1955,True,1.0
Molly's Pilgrim,1985,True,1.0
Molly's Pilgrim,1985,False,0.0
Mona Lisa Descending a Staircase,1992,True,1.0
Mona Lisa Descending a Staircase,1992,False,0.0
Monster,2003,False,0.0
Monster,2003,True,1.0
Monster's Ball,2001,True,1.0
Monster's Ball,2001,False,1.0
"Monsters, Inc.",2001,True,1.0
"Monsters, Inc.",2001,False,3.0
Moonbird,1959,True,1.0
Moonbird,1959,False,0.0
Moonlight,2016,False,5.0
Moonlight,2016,True,3.0
Moonstruck,1987,True,3.0
Moonstruck,1987,False,3.0
Morning Glory,1932,True,1.0
Morning Glory,1932,False,0.0
Moscow Does Not Believe in Tears,1980,True,1.0
Moscow Does Not Believe in Tears,1980,False,0.0
Moscow Strikes Back,1942,True,1.0
Moscow Strikes Back,1942,False,0.0
Mother Wore Tights,1947,False,2.0
Mother Wore Tights,1947,True,1.0
Moulin Rouge,1952,False,5.0
Moulin Rouge,1952,True,2.0
Moulin Rouge!,2001,False,6.0
Moulin Rouge!,2001,True,2.0
Mouse Trouble,1944,False,0.0
Mouse Trouble,1944,True,1.0
Mr Hublot,2013,True,1.0
Mr Hublot,2013,False,0.0
Mr. Deeds Goes to Town,1936,True,1.0
Mr. Deeds Goes to Town,1936,False,4.0
Mr. Smith Goes to Washington,1939,False,10.0
Mr. Smith Goes to Washington,1939,True,1.0
Mrs. Doubtfire,1993,False,0.0
Mrs. Doubtfire,1993,True,1.0
Mrs. Miniver,1942,True,6.0
Mrs. Miniver,1942,False,6.0
Munro,1960,False,0.0
Munro,1960,True,1.0
Murder on a Sunday Morning (Un coupable idéal),2001,False,0.0
Murder on a Sunday Morning (Un coupable idéal),2001,True,1.0
Murder on the Orient Express,1974,True,1.0
Murder on the Orient Express,1974,False,5.0
Music by Prudence,2009,True,1.0
Music by Prudence,2009,False,0.0
Mutiny on the Bounty,1935,True,1.0
Mutiny on the Bounty,1935,False,7.0
My Cousin Vinny,1992,False,0.0
My Cousin Vinny,1992,True,1.0
My Fair Lady,1964,True,8.0
My Fair Lady,1964,False,4.0
My Gal Sal,1942,True,1.0
My Gal Sal,1942,False,1.0
My Left Foot,1989,False,3.0
My Left Foot,1989,True,2.0
My Mother Dreams the Satan's Disciples in New York,1999,True,1.0
My Mother Dreams the Satan's Disciples in New York,1999,False,0.0
My Octopus Teacher,2020,False,0.0
My Octopus Teacher,2020,True,1.0
My Uncle (Mon oncle),1958,True,1.0
My Uncle (Mon oncle),1958,False,0.0
Mystic River,2003,True,2.0
Mystic River,2003,False,4.0
Nashville,1975,False,4.0
Nashville,1975,True,1.0
National Velvet,1945,True,2.0
National Velvet,1945,False,3.0
Nature's Half Acre,1951,False,0.0
Nature's Half Acre,1951,True,1.0
Naughty Marietta,1935,True,1.0
Naughty Marietta,1935,False,1.0
Navalny,2022,False,0.0
Navalny,2022,True,1.0
Neighbours,1952,False,1.0
Neighbours,1952,True,1.0
Neptune's Daughter,1949,True,1.0
Neptune's Daughter,1949,False,0.0
Network,1976,False,6.0
Network,1976,True,4.0
Never on Sunday (Pote tin Kyriaki),1960,False,4.0
Never on Sunday (Pote tin Kyriaki),1960,True,1.0
Nicholas and Alexandra,1971,True,2.0
Nicholas and Alexandra,1971,False,4.0
Nights of Cabiria (Le Notti di Cabiria),1957,False,0.0
Nights of Cabiria (Le Notti di Cabiria),1957,True,1.0
Nine from Little Rock,1964,False,0.0
Nine from Little Rock,1964,True,1.0
No Country for Old Men,2007,False,4.0
No Country for Old Men,2007,True,4.0
No Man's Land,2001,True,1.0
No Man's Land,2001,False,0.0
No Time to Die,2021,False,2.0
No Time to Die,2021,True,1.0
Nomadland,2020,False,3.0
Nomadland,2020,True,3.0
None But the Lonely Heart,1944,True,1.0
None But the Lonely Heart,1944,False,3.0
Norma Rae,1979,True,2.0
Norma Rae,1979,False,2.0
Norman Rockwell's World... An American Dream,1972,True,1.0
Norman Rockwell's World... An American Dream,1972,False,0.0
North West Mounted Police,1940,False,4.0
North West Mounted Police,1940,True,1.0
"Now, Voyager",1942,False,2.0
"Now, Voyager",1942,True,1.0
Nowhere in Africa (Nirgendwo in Afrika),2002,True,1.0
Nowhere in Africa (Nirgendwo in Afrika),2002,False,0.0
Number Our Days,1976,False,0.0
Number Our Days,1976,True,1.0
O.J.: Made in America,2016,False,0.0
O.J.: Made in America,2016,True,1.0
Of Pups and Puzzles,1941,False,0.0
Of Pups and Puzzles,1941,True,1.0
Oklahoma!,1955,False,2.0
Oklahoma!,1955,True,2.0
Oliver!,1968,False,
Oliver!,1968,True,
Omnibus,1992,False,0.0
Omnibus,1992,True,1.0
On Golden Pond,1981,True,3.0
On Golden Pond,1981,False,7.0
On the Town,1949,False,0.0
On the Town,1949,True,1.0
On the Waterfront,1954,False,4.0
On the Waterfront,1954,True,8.0
Once,2007,True,1.0
Once,2007,False,0.0
Once Upon a Time in Hollywood,2019,True,2.0
Once Upon a Time in Hollywood,2019,False,8.0
One Day in September,1999,True,1.0
One Day in September,1999,False,0.0
One Flew Over the Cuckoo's Nest,1975,True,5.0
One Flew Over the Cuckoo's Nest,1975,False,4.0
One Hundred Men and a Girl,1937,False,4.0
One Hundred Men and a Girl,1937,True,1.0
One Night of Love,1934,True,2.0
One Night of Love,1934,False,4.0
One Survivor Remembers,1995,True,1.0
One Survivor Remembers,1995,False,0.0
One Way Passage,1932,False,0.0
One Way Passage,1932,True,1.0
"One-Eyed Men Are Kings (...borgnes sont rois, Les)",1974,True,1.0
"One-Eyed Men Are Kings (...borgnes sont rois, Les)",1974,False,0.0
Oppenheimer,2023,True,7.0
Oppenheimer,2023,False,6.0
Ordinary People,1980,False,2.0
Ordinary People,1980,True,4.0
Out of Africa,1985,False,4.0
Out of Africa,1985,True,7.0
Overture to The Merry Wives of Windsor,1953,False,0.0
Overture to The Merry Wives of Windsor,1953,True,1.0
Pan's Labyrinth (El laberinto del fauno),2006,True,3.0
Pan's Labyrinth (El laberinto del fauno),2006,False,3.0
Panic in the Streets,1950,False,0.0
Panic in the Streets,1950,True,1.0
Papa's Delicate Condition,1963,False,0.0
Papa's Delicate Condition,1963,True,1.0
Paper Moon,1973,False,3.0
Paper Moon,1973,True,1.0
Paperman,2012,True,1.0
Paperman,2012,False,0.0
Parasite,2019,True,4.0
Parasite,2019,False,2.0
Patton,1970,True,7.0
Patton,1970,False,3.0
Paul Robeson: Tribute to an Artist,1979,False,0.0
Paul Robeson: Tribute to an Artist,1979,True,1.0
Pearl Harbor,2001,True,1.0
Pearl Harbor,2001,False,3.0
Pelle the Conqueror (Pelle erobreren),1988,True,1.0
Pelle the Conqueror (Pelle erobreren),1988,False,1.0
Penny Wisdom,1937,True,1.0
Penny Wisdom,1937,False,0.0
Period. End of Sentence.,2018,True,1.0
Period. End of Sentence.,2018,False,0.0
Peter & the Wolf,2007,True,1.0
Peter & the Wolf,2007,False,0.0
Phantom Thread,2017,True,1.0
Phantom Thread,2017,False,5.0
Phantom of the Opera,1943,False,2.0
Phantom of the Opera,1943,True,2.0
Philadelphia,1993,False,3.0
Philadelphia,1993,True,2.0
Picnic,1955,True,2.0
Picnic,1955,False,4.0
Pillow Talk,1959,False,4.0
Pillow Talk,1959,True,1.0
Pinocchio,1940,False,0.0
Pinocchio,1940,True,2.0
Piper,2016,False,0.0
Piper,2016,True,1.0
Pirates of the Caribbean: Dead Man's Chest,2006,True,1.0
Pirates of the Caribbean: Dead Man's Chest,2006,False,3.0
Places in the Heart,1984,True,2.0
Places in the Heart,1984,False,5.0
Planet of the Apes,1968,False,
Planet of the Apes,1968,True,
Platoon,1986,False,4.0
Platoon,1986,True,4.0
Plymouth Adventure,1952,True,1.0
Plymouth Adventure,1952,False,0.0
Pocahontas,1995,False,0.0
Pocahontas,1995,True,2.0
Pollock,2000,True,1.0
Pollock,2000,False,1.0
Poor Things,2023,True,4.0
Poor Things,2023,False,7.0
Porgy and Bess,1959,False,3.0
Porgy and Bess,1959,True,1.0
Portrait of Jennie,1948,False,1.0
Portrait of Jennie,1948,True,1.0
Precious,2009,False,4.0
Precious,2009,True,2.0
Precious Images,1986,True,1.0
Precious Images,1986,False,0.0
Prelude to War,1942,False,0.0
Prelude to War,1942,True,1.0
Pride and Prejudice,1940,True,1.0
Pride and Prejudice,1940,False,0.0
Princess O'Rourke,1943,False,0.0
Princess O'Rourke,1943,True,1.0
Princeton: A Search for Answers,1973,False,0.0
Princeton: A Search for Answers,1973,True,1.0
Prizzi's Honor,1985,False,7.0
Prizzi's Honor,1985,True,1.0
Project Hope,1961,True,1.0
Project Hope,1961,False,0.0
Promising Young Woman,2020,False,4.0
Promising Young Woman,2020,True,1.0
Pulp Fiction,1994,False,6.0
Pulp Fiction,1994,True,1.0
Purple Rain,1984,True,1.0
Purple Rain,1984,False,0.0
Pygmalion,1938,True,1.0
Pygmalion,1938,False,3.0
Quest,1996,True,1.0
Quest,1996,False,0.0
Quest for Fire,1982,True,1.0
Quest for Fire,1982,False,0.0
Quicker'n a Wink,1940,True,1.0
Quicker'n a Wink,1940,False,0.0
Quiero ser (I want to be...),2000,True,1.0
Quiero ser (I want to be...),2000,False,0.0
Quiet Please!,1945,True,1.0
Quiet Please!,1945,False,0.0
RRR,2022,False,0.0
RRR,2022,True,1.0
Raging Bull,1980,True,2.0
Raging Bull,1980,False,6.0
Raiders of the Lost Ark,1981,True,
Raiders of the Lost Ark,1981,False,
Rain Man,1988,False,4.0
Rain Man,1988,True,4.0
Ran,1985,True,1.0
Ran,1985,False,3.0
Rango,2011,False,0.0
Rango,2011,True,1.0
Rashomon,1951,True,
Rashomon,1951,False,
Ratatouille,2007,True,1.0
Ratatouille,2007,False,4.0
Ray,2004,False,4.0
Ray,2004,True,2.0
Ray's Male Heterosexual Dance Hall,1987,False,0.0
Ray's Male Heterosexual Dance Hall,1987,True,1.0
Reap the Wild Wind,1942,True,1.0
Reap the Wild Wind,1942,False,2.0
Rebecca,1940,True,2.0
Rebecca,1940,False,9.0
Reds,1981,True,3.0
Reds,1981,False,9.0
Restoration,1995,True,2.0
Restoration,1995,False,0.0
Return of the Jedi,1983,True,
Return of the Jedi,1983,False,
Reversal of Fortune,1990,False,2.0
Reversal of Fortune,1990,True,1.0
Road to Perdition,2002,True,1.0
Road to Perdition,2002,False,5.0
Robert Frost: A Lover's Quarrel with the World,1963,True,1.0
Robert Frost: A Lover's Quarrel with the World,1963,False,0.0
Robert Kennedy Remembered,1968,True,1.0
Robert Kennedy Remembered,1968,False,0.0
RoboCop,1987,False,
RoboCop,1987,True,
Rocketman,2019,False,0.0
Rocketman,2019,True,1.0
Rocky,1976,True,3.0
Rocky,1976,False,7.0
Roma,2018,False,7.0
Roma,2018,True,3.0
Roman Holiday,1953,True,3.0
Roman Holiday,1953,False,7.0
Romeo and Juliet,1968,False,2.0
Romeo and Juliet,1968,True,2.0
Room,2015,True,1.0
Room,2015,False,3.0
Room at the Top,1959,True,2.0
Room at the Top,1959,False,4.0
Rosemary's Baby,1968,True,1.0
Rosemary's Baby,1968,False,1.0
Round Midnight,1986,True,1.0
Round Midnight,1986,False,1.0
Ryan,2004,False,0.0
Ryan,2004,True,1.0
Ryan's Daughter,1970,False,2.0
Ryan's Daughter,1970,True,2.0
Sabrina,1954,True,1.0
Sabrina,1954,False,5.0
Samson and Delilah,1950,False,3.0
Samson and Delilah,1950,True,2.0
San Francisco,1936,True,1.0
San Francisco,1936,False,5.0
Save the Tiger,1973,True,1.0
Save the Tiger,1973,False,2.0
Saving Face,2011,True,1.0
Saving Face,2011,False,0.0
Saving Private Ryan,1998,True,5.0
Saving Private Ryan,1998,False,6.0
Sayonara,1957,False,6.0
Sayonara,1957,True,4.0
Scared Straight!,1978,False,0.0
Scared Straight!,1978,True,1.0
Scent of a Woman,1992,True,1.0
Scent of a Woman,1992,False,3.0
Schindler's List,1993,True,7.0
Schindler's List,1993,False,5.0
Seal Island,1948,False,0.0
Seal Island,1948,True,1.0
Searching for Sugar Man,2012,False,0.0
Searching for Sugar Man,2012,True,1.0
Seawards the Great Ships,1961,False,0.0
Seawards the Great Ships,1961,True,1.0
Seeds of Destiny,1946,False,0.0
Seeds of Destiny,1946,True,1.0
Selma,2014,False,1.0
Selma,2014,True,1.0
Sense and Sensibility,1995,False,6.0
Sense and Sensibility,1995,True,1.0
Sentinels of Silence,1971,True,2.0
Sentinels of Silence,1971,False,0.0
Separate Tables,1958,True,2.0
Separate Tables,1958,False,5.0
Serengeti Shall Not Die (Serengeti darf nicht sterben),1959,False,0.0
Serengeti Shall Not Die (Serengeti darf nicht sterben),1959,True,1.0
Sergeant York,1941,True,2.0
Sergeant York,1941,False,9.0
Session Man,1991,False,0.0
Session Man,1991,True,1.0
Seven Brides for Seven Brothers,1954,False,4.0
Seven Brides for Seven Brothers,1954,True,1.0
Seven Days to Noon,1951,True,1.0
Seven Days to Noon,1951,False,0.0
Shaft,1971,True,1.0
Shaft,1971,False,1.0
Shakespeare in Love,1998,False,6.0
Shakespeare in Love,1998,True,7.0
Shampoo,1975,True,1.0
Shampoo,1975,False,3.0
Shane,1953,False,5.0
Shane,1953,True,1.0
Shanghai Express,1931,False,2.0
Shanghai Express,1931,True,1.0
She Wore a Yellow Ribbon,1949,True,1.0
She Wore a Yellow Ribbon,1949,False,0.0
Shine,1996,True,1.0
Shine,1996,False,6.0
Ship of Fools,1965,False,6.0
Ship of Fools,1965,True,2.0
Shoeshine (Sciuscià),1947,True,
Shoeshine (Sciuscià),1947,False,
Shrek,2001,True,1.0
Shrek,2001,False,1.0
Sideways,2004,False,4.0
Sideways,2004,True,1.0
Silver Linings Playbook,2012,True,1.0
Silver Linings Playbook,2012,False,7.0
Since You Went Away,1944,True,1.0
Since You Went Away,1944,False,8.0
Sing,2016,True,1.0
Sing,2016,False,0.0
Six Shooter,2005,True,1.0
Six Shooter,2005,False,0.0
Skin,2018,False,0.0
Skin,2018,True,1.0
Skippy,1930,False,3.0
Skippy,1930,True,1.0
Sky Above and Mud Beneath (Le Ciel et la boue),1961,True,1.0
Sky Above and Mud Beneath (Le Ciel et la boue),1961,False,0.0
Skyfall,2012,False,3.0
Skyfall,2012,True,2.0
Sleepy Hollow,1999,False,2.0
Sleepy Hollow,1999,True,1.0
Sling Blade,1996,False,1.0
Sling Blade,1996,True,1.0
Slumdog Millionaire,2008,False,2.0
Slumdog Millionaire,2008,True,8.0
Smile Pinki,2008,True,1.0
Smile Pinki,2008,False,0.0
Snow White and the Seven Dwarfs,1937,True,
Snow White and the Seven Dwarfs,1937,False,
So Much for So Little,1949,False,0.0
So Much for So Little,1949,True,1.0
So This Is Harris!,1932,True,1.0
So This Is Harris!,1932,False,0.0
Some Like It Hot,1959,True,1.0
Some Like It Hot,1959,False,5.0
Somebody Up There Likes Me,1956,False,1.0
Somebody Up There Likes Me,1956,True,2.0
Son of Saul,2015,False,0.0
Son of Saul,2015,True,1.0
Song Without End,1960,False,0.0
Song Without End,1960,True,1.0
Song of the South,1947,True,
Song of the South,1947,False,
Sons and Lovers,1960,False,6.0
Sons and Lovers,1960,True,1.0
Sons of Liberty,1939,False,0.0
Sons of Liberty,1939,True,1.0
Sophie's Choice,1982,False,4.0
Sophie's Choice,1982,True,1.0
Soul,2020,True,2.0
Soul,2020,False,1.0
Sound of Metal,2020,False,4.0
Sound of Metal,2020,True,2.0
South Pacific,1958,True,1.0
South Pacific,1958,False,2.0
Spartacus,1960,False,2.0
Spartacus,1960,True,4.0
Speaking of Animals and Their Families,1942,False,0.0
Speaking of Animals and Their Families,1942,True,1.0
Special Delivery,1978,False,0.0
Special Delivery,1978,True,1.0
Spectre,2015,False,0.0
Spectre,2015,True,1.0
Speed,1994,False,1.0
Speed,1994,True,2.0
Speedy Gonzales,1955,False,0.0
Speedy Gonzales,1955,True,1.0
Spellbound,1945,False,5.0
Spellbound,1945,True,1.0
Spider-Man 2,2004,False,2.0
Spider-Man 2,2004,True,1.0
Spider-Man: Into the Spider-Verse,2018,True,1.0
Spider-Man: Into the Spider-Verse,2018,False,0.0
Spirited Away,2002,True,1.0
Spirited Away,2002,False,0.0
Splendor in the Grass,1961,True,1.0
Splendor in the Grass,1961,False,1.0
Spotlight,2015,False,4.0
Spotlight,2015,True,2.0
Stagecoach,1939,True,2.0
Stagecoach,1939,False,5.0
Stairway to Light,1945,False,0.0
Stairway to Light,1945,True,1.0
Stalag 17,1953,False,2.0
Stalag 17,1953,True,1.0
Star Trek,2009,False,3.0
Star Trek,2009,True,1.0
Star Wars,1977,True,
Star Wars,1977,False,
Star in the Night,1945,True,1.0
Star in the Night,1945,False,0.0
State Fair,1945,False,1.0
State Fair,1945,True,1.0
Still Alice,2014,False,0.0
Still Alice,2014,True,1.0
Strangers No More,2010,True,1.0
Strangers No More,2010,False,0.0
Street Angel,1927,True,1.0
Street Angel,1927,False,2.0
Strike Up the Band,1940,False,2.0
Strike Up the Band,1940,True,1.0
Stutterer,2015,False,0.0
Stutterer,2015,True,1.0
Suicide Squad,2016,True,1.0
Suicide Squad,2016,False,0.0
Summer of '42,1971,False,3.0
Summer of '42,1971,True,1.0
Summer of Soul,2021,False,0.0
Summer of Soul,2021,True,1.0
Sundae in New York,1983,False,0.0
Sundae in New York,1983,True,1.0
Sundays and Cybele (Le Dimanches de Ville d'Avray),1962,True,1.0
Sundays and Cybele (Le Dimanches de Ville d'Avray),1962,False,2.0
Sunrise,1927,False,
Sunrise,1927,True,3.0
Sunset Boulevard,1950,True,3.0
Sunset Boulevard,1950,False,8.0
Superman,1978,False,
Superman,1978,True,
Survival City,1955,False,0.0
Survival City,1955,True,1.0
Suspicion,1941,True,1.0
Suspicion,1941,False,2.0
Sweeney Todd: The Demon Barber of Fleet Street,2007,True,1.0
Sweeney Todd: The Demon Barber of Fleet Street,2007,False,2.0
Sweet Bird of Youth,1962,True,1.0
Sweet Bird of Youth,1962,False,2.0
Sweethearts,1938,False,
Sweethearts,1938,True,
Swing Time,1936,True,1.0
Swing Time,1936,False,1.0
Symphony of a City,1948,False,0.0
Symphony of a City,1948,True,1.0
Syriana,2005,True,1.0
Syriana,2005,False,1.0
Tabu,1930,False,0.0
Tabu,1930,True,1.0
Talk to Her (Hable con ella),2002,False,1.0
Talk to Her (Hable con ella),2002,True,1.0
Tango,1982,False,0.0
Tango,1982,True,1.0
Tarzan,1999,True,1.0
Tarzan,1999,False,0.0
Taxi to the Dark Side,2007,False,0.0
Taxi to the Dark Side,2007,True,1.0
"Teddy, the Rough Rider",1940,False,0.0
"Teddy, the Rough Rider",1940,True,1.0
Teenage Father,1978,True,1.0
Teenage Father,1978,False,0.0
Tempest,1927,False,0.0
Tempest,1927,True,1.0
Tender Mercies,1983,True,2.0
Tender Mercies,1983,False,3.0
Tenet,2020,False,1.0
Tenet,2020,True,1.0
Terminator 2: Judgment Day,1991,False,2.0
Terminator 2: Judgment Day,1991,True,4.0
Terms of Endearment,1983,False,6.0
Terms of Endearment,1983,True,5.0
Tess,1980,False,3.0
Tess,1980,True,3.0
Thank God It's Friday,1978,True,1.0
Thank God It's Friday,1978,False,0.0
That Hamilton Woman,1941,False,3.0
That Hamilton Woman,1941,True,1.0
That Mothers Might Live,1938,False,0.0
That Mothers Might Live,1938,True,1.0
The Abyss,1989,True,1.0
The Abyss,1989,False,3.0
The Accidental Tourist,1988,False,3.0
The Accidental Tourist,1988,True,1.0
The Accountant,2001,False,0.0
The Accountant,2001,True,1.0
The Accused,1988,True,1.0
The Accused,1988,False,0.0
"The Adventures of Priscilla, Queen of the Desert",1994,False,0.0
"The Adventures of Priscilla, Queen of the Desert",1994,True,1.0
The Adventures of Robin Hood,1938,False,1.0
The Adventures of Robin Hood,1938,True,3.0
The African Queen,1951,False,3.0
The African Queen,1951,True,1.0
The Age of Innocence,1993,True,1.0
The Age of Innocence,1993,False,4.0
The Alamo,1960,False,6.0
The Alamo,1960,True,1.0
The Alaskan Eskimo,1953,False,0.0
The Alaskan Eskimo,1953,True,1.0
The Anderson Platoon (La Section Anderson),1967,True,1.0
The Anderson Platoon (La Section Anderson),1967,False,0.0
The Apartment,1960,False,5.0
The Apartment,1960,True,5.0
The Appointments of Dennis Jennings,1988,True,1.0
The Appointments of Dennis Jennings,1988,False,0.0
The Artist,2011,False,5.0
The Artist,2011,True,5.0
The Assault (De Aanslag),1986,False,0.0
The Assault (De Aanslag),1986,True,1.0
The Aviator,2004,True,5.0
The Aviator,2004,False,6.0
The Awful Truth,1937,False,5.0
The Awful Truth,1937,True,1.0
The Bachelor and the Bobby-Soxer,1947,False,0.0
The Bachelor and the Bobby-Soxer,1947,True,1.0
The Bad and the Beautiful,1952,True,5.0
The Bad and the Beautiful,1952,False,1.0
The Barbarian Invasions,2003,True,1.0
The Barbarian Invasions,2003,False,1.0
The Barefoot Contessa,1954,True,1.0
The Barefoot Contessa,1954,False,1.0
The Battle of Midway,1942,False,0.0
The Battle of Midway,1942,True,1.0
The Bells of St. Mary's,1945,True,1.0
The Bells of St. Mary's,1945,False,7.0
The Bespoke Overcoat,1956,True,1.0
The Bespoke Overcoat,1956,False,0.0
The Best Years of Our Lives,1946,False,
The Best Years of Our Lives,1946,True,
The Big Broadcast of 1938,1938,True,1.0
The Big Broadcast of 1938,1938,False,0.0
The Big Country,1958,False,1.0
The Big Country,1958,True,1.0
The Big House,1929,True,2.0
The Big House,1929,False,2.0
The Big Short,2015,True,1.0
The Big Short,2015,False,4.0
The Bishop's Wife,1947,False,4.0
The Bishop's Wife,1947,True,1.0
The Black Stallion,1979,False,
The Black Stallion,1979,True,
The Black Swan,1942,True,1.0
The Black Swan,1942,False,2.0
The Blind Side,2009,True,1.0
The Blind Side,2009,False,1.0
The Blood of Yingzhou District,2006,False,0.0
The Blood of Yingzhou District,2006,True,1.0
The Bolero,1973,False,0.0
The Bolero,1973,True,1.0
The Bourne Ultimatum,2007,True,3.0
The Bourne Ultimatum,2007,False,0.0
The Box,1967,False,0.0
The Box,1967,True,1.0
The Boy and the Heron,2023,True,1.0
The Boy and the Heron,2023,False,0.0
"The Boy, the Mole, the Fox and the Horse",2022,True,1.0
"The Boy, the Mole, the Fox and the Horse",2022,False,0.0
The Brave One,1956,False,2.0
The Brave One,1956,True,1.0
The Bridge of San Luis Rey,1928,False,0.0
The Bridge of San Luis Rey,1928,True,1.0
The Bridge on the River Kwai,1957,True,7.0
The Bridge on the River Kwai,1957,False,1.0
The Bridges at Toko-Ri,1955,True,1.0
The Bridges at Toko-Ri,1955,False,1.0
The Broadway Melody,1928,False,2.0
The Broadway Melody,1928,True,1.0
The Buddy Holly Story,1978,True,1.0
The Buddy Holly Story,1978,False,2.0
The Candidate,1972,False,1.0
The Candidate,1972,True,1.0
The Cat Concerto,1946,False,0.0
The Cat Concerto,1946,True,1.0
The Champ,1931,True,2.0
The Champ,1931,False,2.0
The Charge of the Light Brigade,1936,False,2.0
The Charge of the Light Brigade,1936,True,1.0
The Chicken (Le Poulet),1965,True,1.0
The Chicken (Le Poulet),1965,False,0.0
"The Chronicles of Narnia: The Lion, the Witch and the Wardrobe",2005,False,2.0
"The Chronicles of Narnia: The Lion, the Witch and the Wardrobe",2005,True,1.0
The ChubbChubbs!,2002,False,0.0
The ChubbChubbs!,2002,True,1.0
The Cider House Rules,1999,True,2.0
The Cider House Rules,1999,False,5.0
The Color of Money,1986,True,1.0
The Color of Money,1986,False,3.0
The Constant Gardener,2005,True,1.0
The Constant Gardener,2005,False,3.0
The Counterfeiters (Die Fälscher),2007,True,1.0
The Counterfeiters (Die Fälscher),2007,False,0.0
The Country Cousin,1936,True,1.0
The Country Cousin,1936,False,0.0
The Country Girl,1954,False,5.0
The Country Girl,1954,True,2.0
The Cove,2009,True,1.0
The Cove,2009,False,0.0
The Cowboy and the Lady,1938,False,2.0
The Cowboy and the Lady,1938,True,1.0
The Critic,1963,False,0.0
The Critic,1963,True,1.0
The Crunch Bird,1971,False,0.0
The Crunch Bird,1971,True,1.0
The Crying Game,1992,False,5.0
The Crying Game,1992,True,1.0
The Curious Case of Benjamin Button,2008,False,10.0
The Curious Case of Benjamin Button,2008,True,3.0
The Danish Girl,2015,False,3.0
The Danish Girl,2015,True,1.0
The Danish Poet,2006,False,0.0
The Danish Poet,2006,True,1.0
The Dark Angel,1935,True,1.0
The Dark Angel,1935,False,2.0
The Dark Knight,2008,True,2.0
The Dark Knight,2008,False,6.0
The Dawn Patrol,1930,False,0.0
The Dawn Patrol,1930,True,1.0
The Deer Hunter,1978,True,5.0
The Deer Hunter,1978,False,4.0
The Defiant Ones,1958,True,2.0
The Defiant Ones,1958,False,7.0
The Departed,2006,False,1.0
The Departed,2006,True,4.0
The Descendants,2011,False,4.0
The Descendants,2011,True,1.0
The Diary of Anne Frank,1959,True,3.0
The Diary of Anne Frank,1959,False,5.0
The Dirty Dozen,1967,True,1.0
The Dirty Dozen,1967,False,3.0
The Discreet Charm of the Bourgeoisie (Le charme discret de la bourgeoisie),1972,False,1.0
The Discreet Charm of the Bourgeoisie (Le charme discret de la bourgeoisie),1972,True,1.0
The Divine Lady,1928,False,2.0
The Divine Lady,1928,True,1.0
The Divorcee,1929,True,1.0
The Divorcee,1929,False,3.0
The Dollar Bottom,1980,False,0.0
The Dollar Bottom,1980,True,1.0
The Dot and the Line (The Dot and the Line: A Romance in Lower Mathematics),1965,False,0.0
The Dot and the Line (The Dot and the Line: A Romance in Lower Mathematics),1965,True,1.0
The Dove,1927,False,0.0
The Dove,1927,True,1.0
The Duchess,2008,False,1.0
The Duchess,2008,True,1.0
The Eleanor Roosevelt Story,1965,True,1.0
The Eleanor Roosevelt Story,1965,False,0.0
The Elephant Whisperers,2022,False,0.0
The Elephant Whisperers,2022,True,1.0
The Empire Strikes Back,1980,True,
The Empire Strikes Back,1980,False,
The End of the Game,1975,False,0.0
The End of the Game,1975,True,1.0
The Enemy Below,1957,False,0.0
The Enemy Below,1957,True,1.0
The English Patient,1996,False,3.0
The English Patient,1996,True,9.0
The Exorcist,1973,False,8.0
The Exorcist,1973,True,2.0
The Eyes of Tammy Faye,2021,True,2.0
The Eyes of Tammy Faye,2021,False,0.0
The Face of Lincoln,1955,True,1.0
The Face of Lincoln,1955,False,1.0
The Facts of Life,1960,True,1.0
The Facts of Life,1960,False,4.0
The Fantastic Flying Books of Mr. Morris Lessmore,2011,False,0.0
The Fantastic Flying Books of Mr. Morris Lessmore,2011,True,1.0
The Farmer's Daughter,1947,False,1.0
The Farmer's Daughter,1947,True,1.0
The Father,2020,False,4.0
The Father,2020,True,2.0
The Favourite,2018,True,1.0
The Favourite,2018,False,9.0
The Fighter,2010,False,5.0
The Fighter,2010,True,2.0
The Fighting Lady,1944,True,1.0
The Fighting Lady,1944,False,0.0
The Fisher King,1991,True,1.0
The Fisher King,1991,False,4.0
The Flight of the Gossamer Condor,1978,False,0.0
The Flight of the Gossamer Condor,1978,True,1.0
The Fly,1986,False,0.0
The Fly,1986,True,1.0
The Fly (A Légy),1980,True,1.0
The Fly (A Légy),1980,False,0.0
The Fog of War,2003,False,0.0
The Fog of War,2003,True,1.0
The Fortune Cookie,1966,False,3.0
The Fortune Cookie,1966,True,1.0
The French Connection,1971,False,3.0
The French Connection,1971,True,5.0
The Fugitive,1993,False,6.0
The Fugitive,1993,True,1.0
The Full Monty,1997,True,1.0
The Full Monty,1997,False,3.0
The Garden of Allah,1936,False,
The Garden of Allah,1936,True,
The Garden of the Finzi-Continis (Il Giardino dei Finzi-Contini),1971,False,1.0
The Garden of the Finzi-Continis (Il Giardino dei Finzi-Contini),1971,True,1.0
The Gay Divorcee,1934,False,4.0
The Gay Divorcee,1934,True,1.0
The Ghost and the Darkness,1996,False,0.0
The Ghost and the Darkness,1996,True,1.0
The Girl with the Dragon Tattoo,2011,True,1.0
The Girl with the Dragon Tattoo,2011,False,4.0
The Glenn Miller Story,1954,True,1.0
The Glenn Miller Story,1954,False,2.0
The Godfather,1972,True,3.0
The Godfather,1972,False,
The Godfather: Part II,1974,True,6.0
The Godfather: Part II,1974,False,5.0
The Golden Compass,2007,True,1.0
The Golden Compass,2007,False,1.0
The Golden Fish (Histoire d'un poisson rouge),1959,True,1.0
The Golden Fish (Histoire d'un poisson rouge),1959,False,0.0
The Good Earth,1937,False,3.0
The Good Earth,1937,True,2.0
The Goodbye Girl,1977,False,4.0
The Goodbye Girl,1977,True,1.0
The Graduate,1967,False,6.0
The Graduate,1967,True,1.0
The Grand Budapest Hotel,2014,True,4.0
The Grand Budapest Hotel,2014,False,5.0
The Grapes of Wrath,1940,True,2.0
The Grapes of Wrath,1940,False,5.0
The Great American Cowboy,1973,False,0.0
The Great American Cowboy,1973,True,1.0
The Great Beauty,2013,True,1.0
The Great Beauty,2013,False,0.0
The Great Caruso,1951,True,1.0
The Great Caruso,1951,False,2.0
The Great Gatsby,2013,True,2.0
The Great Gatsby,2013,False,0.0
The Great Gatsby,1974,True,2.0
The Great Gatsby,1974,False,0.0
The Great Lie,1941,False,0.0
The Great Lie,1941,True,1.0
The Great McGinty,1940,False,0.0
The Great McGinty,1940,True,1.0
The Great Race,1965,True,1.0
The Great Race,1965,False,4.0
The Great Waltz,1938,False,2.0
The Great Waltz,1938,True,1.0
The Great Ziegfeld,1936,False,4.0
The Great Ziegfeld,1936,True,3.0
The Greatest Show on Earth,1952,False,3.0
The Greatest Show on Earth,1952,True,2.0
The Guns of Navarone,1961,False,6.0
The Guns of Navarone,1961,True,1.0
The Harvey Girls,1946,False,1.0
The Harvey Girls,1946,True,1.0
The Hateful Eight,2015,False,2.0
The Hateful Eight,2015,True,1.0
The Heiress,1949,True,4.0
The Heiress,1949,False,4.0
The Hellstrom Chronicle,1971,False,0.0
The Hellstrom Chronicle,1971,True,1.0
The Help,2011,False,3.0
The Help,2011,True,1.0
The High and the Mighty,1954,False,5.0
The High and the Mighty,1954,True,1.0
The Hindenburg,1975,True,
The Hindenburg,1975,False,
The Holdovers,2023,False,4.0
The Holdovers,2023,True,1.0
The Hole,1962,True,1.0
The Hole,1962,False,0.0
The Horse with the Flying Tail,1960,True,1.0
The Horse with the Flying Tail,1960,False,0.0
The Hospital,1971,False,1.0
The Hospital,1971,True,1.0
The Hours,2002,False,8.0
The Hours,2002,True,1.0
The House on 92nd Street,1945,False,0.0
The House on 92nd Street,1945,True,1.0
The Human Comedy,1943,False,4.0
The Human Comedy,1943,True,1.0
The Hunt for Red October,1990,True,1.0
The Hunt for Red October,1990,False,2.0
The Hurricane,1937,False,2.0
The Hurricane,1937,True,1.0
The Hurt Locker,2009,True,6.0
The Hurt Locker,2009,False,3.0
The Hustler,1961,False,7.0
The Hustler,1961,True,2.0
The Imitation Game,2014,True,1.0
The Imitation Game,2014,False,7.0
The Incredibles,2004,False,2.0
The Incredibles,2004,True,2.0
The Informer,1935,False,2.0
The Informer,1935,True,4.0
The Invaders,1942,True,1.0
The Invaders,1942,False,2.0
The Iron Lady,2011,True,2.0
The Iron Lady,2011,False,0.0
The Jazz Singer,1927,True,
The Jazz Singer,1927,False,
The Johnstown Flood,1989,False,0.0
The Johnstown Flood,1989,True,1.0
The Joker Is Wild,1957,False,0.0
The Joker Is Wild,1957,True,1.0
The Jolson Story,1946,False,4.0
The Jolson Story,1946,True,2.0
The Jungle Book,2016,False,0.0
The Jungle Book,2016,True,1.0
The Killing Fields,1984,True,3.0
The Killing Fields,1984,False,4.0
The King and I,1956,False,4.0
The King and I,1956,True,5.0
The King's Speech,2010,True,4.0
The King's Speech,2010,False,8.0
The Lady in Number 6,2013,True,1.0
The Lady in Number 6,2013,False,0.0
The Last Command,1927,True,1.0
The Last Command,1927,False,1.0
The Last Days,1998,True,1.0
The Last Days,1998,False,0.0
The Last Emperor,1987,True,9.0
The Last Emperor,1987,False,0.0
The Last King of Scotland,2006,False,0.0
The Last King of Scotland,2006,True,1.0
The Last Picture Show,1971,True,2.0
The Last Picture Show,1971,False,6.0
The Last Repair Shop,2023,True,1.0
The Last Repair Shop,2023,False,0.0
The Last of the Mohicans,1992,True,1.0
The Last of the Mohicans,1992,False,0.0
The Lavender Hill Mob,1952,True,1.0
The Lavender Hill Mob,1952,False,1.0
The Life of Emile Zola,1937,False,7.0
The Life of Emile Zola,1937,True,3.0
The Lion King,1994,False,2.0
The Lion King,1994,True,2.0
The Lion in Winter,1968,False,4.0
The Lion in Winter,1968,True,3.0
The Little Mermaid,1989,False,1.0
The Little Mermaid,1989,True,2.0
The Little Orphan,1948,False,0.0
The Little Orphan,1948,True,1.0
The Lives of Others (Das Leben der Anderen),2006,False,0.0
The Lives of Others (Das Leben der Anderen),2006,True,1.0
The Lives of a Bengal Lancer,1935,True,1.0
The Lives of a Bengal Lancer,1935,False,6.0
The Living Desert,1953,True,1.0
The Living Desert,1953,False,0.0
The Long Goodbye,2021,True,1.0
The Long Goodbye,2021,False,0.0
The Long Way Home,1997,True,1.0
The Long Way Home,1997,False,0.0
The Longest Day,1962,True,2.0
The Longest Day,1962,False,3.0
The Lord of the Rings: The Fellowship of the Ring,2001,False,9.0
The Lord of the Rings: The Fellowship of the Ring,2001,True,4.0
The Lord of the Rings: The Return of the King,2003,False,0.0
The Lord of the Rings: The Return of the King,2003,True,11.0
The Lord of the Rings: The Two Towers,2002,True,2.0
The Lord of the Rings: The Two Towers,2002,False,4.0
The Lost Thing,2010,False,0.0
The Lost Thing,2010,True,1.0
The Lost Weekend,1945,False,3.0
The Lost Weekend,1945,True,4.0
The Lunch Date,1990,False,0.0
The Lunch Date,1990,True,1.0
The Madness of King George,1994,False,3.0
The Madness of King George,1994,True,1.0
The Magic Machines,1969,True,1.0
The Magic Machines,1969,False,1.0
The Man Who Knew Too Much,1956,False,0.0
The Man Who Knew Too Much,1956,True,1.0
The Man Who Planted Trees (L' Homme qui plantait des arbres),1987,True,1.0
The Man Who Planted Trees (L' Homme qui plantait des arbres),1987,False,0.0
The Man Who Skied Down Everest,1975,True,1.0
The Man Who Skied Down Everest,1975,False,0.0
The Matrix,1999,False,0.0
The Matrix,1999,True,4.0
The Merry Widow,1934,True,1.0
The Merry Widow,1934,False,0.0
The Milagro Beanfield War,1988,False,0.0
The Milagro Beanfield War,1988,True,1.0
The Milky Way,1940,True,1.0
The Milky Way,1940,False,0.0
The Miracle Worker,1962,False,3.0
The Miracle Worker,1962,True,2.0
The Mission,1986,True,1.0
The Mission,1986,False,6.0
The Moon and the Son: An Imagined Conversation,2005,False,0.0
The Moon and the Son: An Imagined Conversation,2005,True,1.0
The More the Merrier,1943,False,5.0
The More the Merrier,1943,True,1.0
The Motorcycle Diaries,2004,False,1.0
The Motorcycle Diaries,2004,True,1.0
The Muppets,2011,True,1.0
The Muppets,2011,False,0.0
The Music Box,1931,True,1.0
The Music Box,1931,False,0.0
The Music Man,1962,True,1.0
The Music Man,1962,False,5.0
The Naked City,1948,False,1.0
The Naked City,1948,True,2.0
The Neighbors' Window,2019,True,1.0
The Neighbors' Window,2019,False,0.0
The New Tenants,2009,False,0.0
The New Tenants,2009,True,1.0
The Night of the Iguana,1964,True,1.0
The Night of the Iguana,1964,False,3.0
The Nutty Professor,1996,False,0.0
The Nutty Professor,1996,True,1.0
The Official Story (La Historia Oficial),1985,True,1.0
The Official Story (La Historia Oficial),1985,False,1.0
The Old Man and the Sea,1999,False,0.0
The Old Man and the Sea,1958,False,2.0
The Old Man and the Sea,1958,True,1.0
The Old Man and the Sea,1999,True,1.0
The Old Mill,1937,True,1.0
The Old Mill,1937,False,0.0
The Omen,1976,False,1.0
The Omen,1976,True,1.0
The Paleface,1948,False,0.0
The Paleface,1948,True,1.0
The Panama Deception,1992,False,0.0
The Panama Deception,1992,True,1.0
The Paper Chase,1973,False,2.0
The Paper Chase,1973,True,1.0
The Patriot,1928,True,1.0
The Patriot,1928,False,4.0
The Personals,1998,False,0.0
The Personals,1998,True,1.0
The Philadelphia Story,1940,False,4.0
The Philadelphia Story,1940,True,2.0
The Phone Call,2014,True,1.0
The Phone Call,2014,False,0.0
The Pianist,2002,True,3.0
The Pianist,2002,False,4.0
The Piano,1993,False,5.0
The Piano,1993,True,3.0
The Picture of Dorian Gray,1945,False,2.0
The Picture of Dorian Gray,1945,True,1.0
The Pink Phink,1964,True,1.0
The Pink Phink,1964,False,0.0
The Poseidon Adventure,1972,False,
The Poseidon Adventure,1972,True,
The Power of the Dog,2021,False,11.0
The Power of the Dog,2021,True,1.0
The Pride of the Yankees,1942,True,1.0
The Pride of the Yankees,1942,False,10.0
The Prime of Miss Jean Brodie,1969,False,1.0
The Prime of Miss Jean Brodie,1969,True,1.0
The Prince of Egypt,1998,False,1.0
The Prince of Egypt,1998,True,1.0
The Private Life of Henry VIII,1932,True,1.0
The Private Life of Henry VIII,1932,False,1.0
The Private Life of the Gannets,1937,True,1.0
The Private Life of the Gannets,1937,False,0.0
The Producers,1967,False,1.0
The Producers,1967,True,1.0
The Public Pays,1936,True,1.0
The Public Pays,1936,False,0.0
The Queen,2006,False,5.0
The Queen,2006,True,1.0
The Queen of Basketball,2021,True,1.0
The Queen of Basketball,2021,False,0.0
The Quiet Man,1952,False,5.0
The Quiet Man,1952,True,2.0
The Rains Came,1939,False,
The Rains Came,1939,True,1.0
The Razor's Edge,1946,False,3.0
The Razor's Edge,1946,True,1.0
The Reader,2008,True,1.0
The Reader,2008,False,4.0
The Red Balloon (Le ballon rouge),1956,True,1.0
The Red Balloon (Le ballon rouge),1956,False,0.0
The Red Shoes,1948,False,3.0
The Red Shoes,1948,True,2.0
The Red Violin (Le violon rouge),1999,True,1.0
The Red Violin (Le violon rouge),1999,False,0.0
The Redwoods,1967,False,0.0
The Redwoods,1967,True,1.0
The Resurrection of Broncho Billy,1970,False,0.0
The Resurrection of Broncho Billy,1970,True,1.0
The Revenant,2015,True,3.0
The Revenant,2015,False,9.0
The Right Stuff,1983,True,4.0
The Right Stuff,1983,False,4.0
The River,1984,False,
The River,1984,True,
The Robe,1953,True,2.0
The Robe,1953,False,3.0
The Rose Tattoo,1955,False,5.0
The Rose Tattoo,1955,True,3.0
The Salesman,2016,True,1.0
The Salesman,2016,False,0.0
The Sand Castle (Le Château de sable),1977,True,1.0
The Sand Castle (Le Château de sable),1977,False,0.0
The Sandpiper,1965,False,0.0
The Sandpiper,1965,True,1.0
The Scoundrel,1935,False,0.0
The Scoundrel,1935,True,1.0
The Sea Around Us,1952,False,0.0
The Sea Around Us,1952,True,1.0
The Sea Inside,2004,False,1.0
The Sea Inside,2004,True,1.0
The Search,1948,True,
The Search,1948,False,
The Secret Land,1948,True,1.0
The Secret Land,1948,False,0.0
The Secret in Their Eyes,2009,False,0.0
The Secret in Their Eyes,2009,True,1.0
The Seventh Veil,1946,False,0.0
The Seventh Veil,1946,True,1.0
The Shape of Water,2017,False,9.0
The Shape of Water,2017,True,4.0
The Shop on Main Street (Obchod na korze),1965,False,1.0
The Shop on Main Street (Obchod na korze),1965,True,1.0
The Shore,2011,False,0.0
The Shore,2011,True,1.0
The Silence of the Lambs,1991,False,2.0
The Silence of the Lambs,1991,True,5.0
The Silent Child,2017,True,1.0
The Silent Child,2017,False,0.0
The Silent World (Le Monde du silence),1956,True,1.0
The Silent World (Le Monde du silence),1956,False,0.0
The Sin of Madelon Claudet,1931,True,1.0
The Sin of Madelon Claudet,1931,False,0.0
The Snake Pit,1948,True,1.0
The Snake Pit,1948,False,5.0
The Social Network,2010,True,3.0
The Social Network,2010,False,5.0
The Solid Gold Cadillac,1956,True,1.0
The Solid Gold Cadillac,1956,False,1.0
The Song of Bernadette,1943,False,8.0
The Song of Bernadette,1943,True,4.0
The Sound of Music,1965,True,5.0
The Sound of Music,1965,False,5.0
The Sting,1973,True,7.0
The Sting,1973,False,3.0
The Stone Carvers,1984,True,1.0
The Stone Carvers,1984,False,0.0
The Story of Louis Pasteur,1936,True,3.0
The Story of Louis Pasteur,1936,False,1.0
The Stratton Story,1949,True,1.0
The Stratton Story,1949,False,0.0
The Subject Was Roses,1968,False,1.0
The Subject Was Roses,1968,True,1.0
The Substitute,1961,False,0.0
The Substitute,1961,True,1.0
The Sunshine Boys,1975,False,3.0
The Sunshine Boys,1975,True,1.0
The Ten Commandments,1956,False,6.0
The Ten Commandments,1956,True,1.0
The Ten-Year Lunch,1987,True,1.0
The Ten-Year Lunch,1987,False,0.0
The Theory of Everything,2014,False,4.0
The Theory of Everything,2014,True,1.0
The Thief of Bagdad,1940,True,3.0
The Thief of Bagdad,1940,False,1.0
The Third Man,1950,False,2.0
The Third Man,1950,True,1.0
The Thomas Crown Affair,1968,True,1.0
The Thomas Crown Affair,1968,False,1.0
The Three Faces of Eve,1957,False,0.0
The Three Faces of Eve,1957,True,1.0
The Time Machine,1960,True,1.0
The Time Machine,1960,False,0.0
The Times of Harvey Milk,1984,False,0.0
The Times of Harvey Milk,1984,True,1.0
The Tin Drum (Die Blechtrommel),1979,True,1.0
The Tin Drum (Die Blechtrommel),1979,False,0.0
The Titan: Story of Michelangelo,1950,True,1.0
The Titan: Story of Michelangelo,1950,False,0.0
The Tortoise and the Hare,1934,False,0.0
The Tortoise and the Hare,1934,True,1.0
The Towering Inferno,1974,False,5.0
The Towering Inferno,1974,True,3.0
The Treasure of the Sierra Madre,1948,True,3.0
The Treasure of the Sierra Madre,1948,False,1.0
The Trip to Bountiful,1985,True,1.0
The Trip to Bountiful,1985,False,1.0
The True Glory,1945,False,0.0
The True Glory,1945,True,1.0
The True Story of the Civil War,1956,False,0.0
The True Story of the Civil War,1956,True,1.0
The Two Mouseketeers,1951,True,1.0
The Two Mouseketeers,1951,False,0.0
The Ugly Duckling,1939,True,1.0
The Ugly Duckling,1939,False,0.0
The Untouchables,1987,True,1.0
The Untouchables,1987,False,3.0
The Usual Suspects,1995,True,2.0
The Usual Suspects,1995,False,0.0
The V.I.P.s,1963,True,1.0
The V.I.P.s,1963,False,0.0
The Vanishing Prairie,1954,False,0.0
The Vanishing Prairie,1954,True,1.0
The Virgin Spring (Jungfrukällan),1960,False,1.0
The Virgin Spring (Jungfrukällan),1960,True,1.0
The War Game,1966,False,0.0
The War Game,1966,True,1.0
The War of the Worlds,1953,True,1.0
The War of the Worlds,1953,False,2.0
The Way We Were,1973,False,4.0
The Way We Were,1973,True,2.0
The Way of All Flesh,1927,True,1.0
The Way of All Flesh,1927,False,0.0
The Westerner,1940,False,2.0
The Westerner,1940,True,1.0
The Wetback Hound,1957,True,1.0
The Wetback Hound,1957,False,0.0
The Whale,2022,True,2.0
The Whale,2022,False,1.0
The White Helmets,2016,True,1.0
The White Helmets,2016,False,0.0
The Windshield Wiper,2021,False,0.0
The Windshield Wiper,2021,True,1.0
The Wizard of Oz,1939,True,2.0
The Wizard of Oz,1939,False,
The Wolfman,2010,False,0.0
The Wolfman,2010,True,1.0
The Woman in Red,1984,True,1.0
The Woman in Red,1984,False,0.0
The Wonderful Story of Henry Sugar,2023,True,1.0
The Wonderful Story of Henry Sugar,2023,False,0.0
The Wonderful World of the Brothers Grimm,1962,False,3.0
The Wonderful World of the Brothers Grimm,1962,True,1.0
The Wrong Trousers,1993,True,1.0
The Wrong Trousers,1993,False,0.0
The Yankee Doodle Mouse,1943,False,0.0
The Yankee Doodle Mouse,1943,True,1.0
The Year of Living Dangerously,1983,False,0.0
The Year of Living Dangerously,1983,True,1.0
The Yearling,1946,False,5.0
The Yearling,1946,True,2.0
The Young Victoria,2009,False,2.0
The Young Victoria,2009,True,1.0
The Zone of Interest,2023,True,2.0
The Zone of Interest,2023,False,3.0
Thelma & Louise,1991,False,5.0
Thelma & Louise,1991,True,1.0
There Will Be Blood,2007,True,2.0
There Will Be Blood,2007,False,6.0
"They Shoot Horses, Don't They?",1969,False,8.0
"They Shoot Horses, Don't They?",1969,True,1.0
Thirty Seconds Over Tokyo,1944,False,1.0
Thirty Seconds Over Tokyo,1944,True,1.0
This Above All,1942,True,1.0
This Above All,1942,False,3.0
This Charming Man (Der Er En Yndig Mand),2002,True,1.0
This Charming Man (Der Er En Yndig Mand),2002,False,0.0
This Is the Army,1943,False,2.0
This Is the Army,1943,True,1.0
This Land Is Mine,1943,True,1.0
This Land Is Mine,1943,False,0.0
This Mechanical Age,1954,True,1.0
This Mechanical Age,1954,False,0.0
This Tiny World,1972,True,1.0
This Tiny World,1972,False,0.0
Thoroughly Modern Millie,1967,True,1.0
Thoroughly Modern Millie,1967,False,6.0
Thoth,2001,False,0.0
Thoth,2001,True,1.0
"Three Billboards Outside Ebbing, Missouri",2017,True,2.0
"Three Billboards Outside Ebbing, Missouri",2017,False,5.0
Three Coins in the Fountain,1954,False,1.0
Three Coins in the Fountain,1954,True,2.0
Three Little Pigs,1932,True,1.0
Three Little Pigs,1932,False,0.0
Three Orphan Kittens,1935,False,0.0
Three Orphan Kittens,1935,True,1.0
Through a Glass Darkly (Såsom i en spegel),1961,False,1.0
Through a Glass Darkly (Såsom i en spegel),1961,True,1.0
Thunderball,1965,True,1.0
Thunderball,1965,False,0.0
Thursday's Children,1954,False,0.0
Thursday's Children,1954,True,1.0
Tin Pan Alley,1940,False,0.0
Tin Pan Alley,1940,True,1.0
Tin Toy,1988,False,0.0
Tin Toy,1988,True,1.0
Titanic,1997,True,11.0
Titanic,1953,True,1.0
Titanic,1997,False,3.0
Titanic,1953,False,1.0
To Be Alive!,1965,True,1.0
To Be Alive!,1965,False,0.0
To Begin Again (Volver a empezar),1982,False,0.0
To Begin Again (Volver a empezar),1982,True,1.0
To Catch a Thief,1955,False,2.0
To Catch a Thief,1955,True,1.0
To Each His Own,1946,False,1.0
To Each His Own,1946,True,1.0
To Kill a Mockingbird,1962,True,3.0
To Kill a Mockingbird,1962,False,5.0
Tom Jones,1963,False,6.0
Tom Jones,1963,True,4.0
"Toot, Whistle, Plunk and Boom",1953,False,0.0
"Toot, Whistle, Plunk and Boom",1953,True,1.0
Tootsie,1982,True,1.0
Tootsie,1982,False,9.0
Top Gun,1986,True,1.0
Top Gun,1986,False,3.0
Top Gun: Maverick,2022,False,5.0
Top Gun: Maverick,2022,True,1.0
Topkapi,1964,False,0.0
Topkapi,1964,True,1.0
Topsy-Turvy,1999,False,2.0
Topsy-Turvy,1999,True,2.0
Tora! Tora! Tora!,1970,False,4.0
Tora! Tora! Tora!,1970,True,1.0
Torture Money,1937,False,0.0
Torture Money,1937,True,1.0
Total Recall,1990,True,
Total Recall,1990,False,
Toward Independence,1948,True,1.0
Toward Independence,1948,False,0.0
Toy Story,1995,True,
Toy Story,1995,False,
Toy Story 3,2010,True,2.0
Toy Story 3,2010,False,3.0
Toy Story 4,2019,False,1.0
Toy Story 4,2019,True,1.0
Toyland,2008,False,0.0
Toyland,2008,True,1.0
Traffic,2000,True,4.0
Traffic,2000,False,1.0
Training Day,2001,True,1.0
Training Day,2001,False,1.0
Transatlantic,1931,False,0.0
Transatlantic,1931,True,1.0
Travels with My Aunt,1972,False,3.0
Travels with My Aunt,1972,True,1.0
Trevor,1994,True,1.0
Trevor,1994,False,0.0
True Grit,1969,True,1.0
True Grit,1969,False,1.0
Tsotsi,2005,False,0.0
Tsotsi,2005,True,1.0
Tweetie Pie,1947,True,1.0
Tweetie Pie,1947,False,0.0
Twelve O'Clock High,1949,True,2.0
Twelve O'Clock High,1949,False,2.0
Twin Towers,2002,True,1.0
Twin Towers,2002,False,0.0
Two Arabian Knights,1927,False,0.0
Two Arabian Knights,1927,True,1.0
Two Distant Strangers,2020,True,1.0
Two Distant Strangers,2020,False,0.0
Two Soldiers,2003,False,0.0
Two Soldiers,2003,True,1.0
Two Women (La Ciociara),1961,True,1.0
Two Women (La Ciociara),1961,False,0.0
U-571,2000,True,1.0
U-571,2000,False,1.0
Undefeated,2011,False,0.0
Undefeated,2011,True,1.0
Underworld,1927,True,1.0
Underworld,1927,False,0.0
Unforgiven,1992,False,5.0
Unforgiven,1992,True,4.0
Up,2009,False,3.0
Up,1984,True,1.0
Up,2009,True,2.0
Up,1984,False,0.0
Vacation from Marriage (UK title Perfect Strangers),1946,False,0.0
Vacation from Marriage (UK title Perfect Strangers),1946,True,1.0
Van Gogh,1949,True,1.0
Van Gogh,1949,False,0.0
Vice,2018,False,7.0
Vice,2018,True,1.0
Vicky Cristina Barcelona,2008,True,1.0
Vicky Cristina Barcelona,2008,False,0.0
Victor/Victoria,1982,False,6.0
Victor/Victoria,1982,True,1.0
Violet,1981,False,0.0
Violet,1981,True,1.0
Visas and Virtue,1997,False,0.0
Visas and Virtue,1997,True,1.0
Viva Villa!,1934,True,1.0
Viva Villa!,1934,False,3.0
Viva Zapata!,1952,False,4.0
Viva Zapata!,1952,True,1.0
WALL-E,2008,False,5.0
WALL-E,2008,True,1.0
Waikiki Wedding,1937,True,1.0
Waikiki Wedding,1937,False,1.0
Walk the Line,2005,True,1.0
Walk the Line,2005,False,4.0
Wall Street,1987,False,0.0
Wall Street,1987,True,1.0
Wallace & Gromit: The Curse of the Were-Rabbit,2005,True,1.0
Wallace & Gromit: The Curse of the Were-Rabbit,2005,False,0.0
War Is Over! Inspired by the Music of John and Yoko,2023,True,1.0
War Is Over! Inspired by the Music of John and Yoko,2023,False,0.0
War and Peace (Voyna i mir),1968,True,1.0
War and Peace (Voyna i mir),1968,False,1.0
Wasp,2004,True,1.0
Wasp,2004,False,0.0
Watch on the Rhine,1943,False,3.0
Watch on the Rhine,1943,True,1.0
Water Birds,1952,True,1.0
Water Birds,1952,False,0.0
West Bank Story,2006,False,0.0
West Bank Story,2006,True,1.0
West Side Story,2021,False,6.0
West Side Story,1961,True,10.0
West Side Story,1961,False,1.0
West Side Story,2021,True,1.0
What Dreams May Come,1998,False,1.0
What Dreams May Come,1998,True,1.0
What Ever Happened to Baby Jane?,1962,True,1.0
What Ever Happened to Baby Jane?,1962,False,4.0
When Magoo Flew,1954,False,0.0
When Magoo Flew,1954,True,1.0
When Tomorrow Comes,1939,True,1.0
When Tomorrow Comes,1939,False,0.0
When We Were Kings,1996,False,0.0
When We Were Kings,1996,True,1.0
When Worlds Collide,1951,True,1.0
When Worlds Collide,1951,False,1.0
Whiplash,2014,False,2.0
Whiplash,2014,True,3.0
White Nights,1985,True,1.0
White Nights,1985,False,1.0
White Shadows in the South Seas,1928,False,0.0
White Shadows in the South Seas,1928,True,1.0
White Wilderness,1958,False,1.0
White Wilderness,1958,True,1.0
Who Are the DeBolts? And Where Did They Get Nineteen Kids?,1977,True,1.0
Who Are the DeBolts? And Where Did They Get Nineteen Kids?,1977,False,0.0
Who Framed Roger Rabbit,1988,False,
Who Framed Roger Rabbit,1988,True,
Who's Afraid of Virginia Woolf?,1966,False,8.0
Who's Afraid of Virginia Woolf?,1966,True,5.0
Who's Who in Animal Land,1944,False,0.0
Who's Who in Animal Land,1944,True,1.0
Why Korea?,1950,False,0.0
Why Korea?,1950,True,1.0
Why Man Creates,1968,False,0.0
Why Man Creates,1968,True,1.0
Wild Wings,1966,False,0.0
Wild Wings,1966,True,1.0
Wilson,1944,False,5.0
Wilson,1944,True,5.0
Wings,1927,False,0.0
Wings,1927,True,2.0
Wings Over Everest,1935,True,1.0
Wings Over Everest,1935,False,0.0
Winnie the Pooh and the Blustery Day,1968,True,1.0
Winnie the Pooh and the Blustery Day,1968,False,0.0
With Byrd at the South Pole,1929,True,1.0
With Byrd at the South Pole,1929,False,0.0
With a Song in My Heart,1952,True,1.0
With a Song in My Heart,1952,False,4.0
With the Marines at Tarawa,1944,False,0.0
With the Marines at Tarawa,1944,True,1.0
Witness,1985,False,6.0
Witness,1985,True,2.0
Witness to War: Dr. Charlie Clements,1985,True,1.0
Witness to War: Dr. Charlie Clements,1985,False,0.0
Woman of the Year,1942,True,1.0
Woman of the Year,1942,False,1.0
Women Talking,2022,False,1.0
Women Talking,2022,True,1.0
Women in Love,1970,True,1.0
Women in Love,1970,False,3.0
"Women – for America, for the World",1986,False,0.0
"Women – for America, for the World",1986,True,1.0
Wonder Boys,2000,False,2.0
Wonder Boys,2000,True,1.0
Wonder Man,1945,False,3.0
Wonder Man,1945,True,1.0
Woodstock,1970,True,1.0
Woodstock,1970,False,2.0
Work Experience,1989,True,1.0
Work Experience,1989,False,0.0
Working Girl,1988,True,1.0
Working Girl,1988,False,5.0
World Without Sun (Le Monde sans soleil),1964,False,0.0
World Without Sun (Le Monde sans soleil),1964,True,1.0
World of Kids,1951,False,0.0
World of Kids,1951,True,1.0
Wrestling Swordfish,1931,True,1.0
Wrestling Swordfish,1931,False,0.0
Written on the Wind,1956,True,1.0
Written on the Wind,1956,False,2.0
Wuthering Heights,1939,True,1.0
Wuthering Heights,1939,False,7.0
Yankee Doodle Dandy,1942,False,5.0
Yankee Doodle Dandy,1942,True,3.0
Yentl,1983,True,1.0
Yentl,1983,False,4.0
"Yesterday, Today and Tomorrow (Ieri, oggi, domani)",1964,True,1.0
"Yesterday, Today and Tomorrow (Ieri, oggi, domani)",1964,False,0.0
You Can't Take It with You,1938,True,2.0
You Can't Take It with You,1938,False,5.0
You Don't Have to Die,1988,False,0.0
You Don't Have to Die,1988,True,1.0
You Light Up My Life,1977,True,1.0
You Light Up My Life,1977,False,0.0
Young at Heart,1987,False,0.0
Young at Heart,1987,True,1.0
Z,1969,False,3.0
Z,1969,True,2.0
Zero Dark Thirty,2012,False,4.0
Zero Dark Thirty,2012,True,1.0
Zootopia,2016,False,0.0
Zootopia,2016,True,1.0
Zorba the Greek (Alexis Zorbas),1964,True,3.0
Zorba the Greek (Alexis Zorbas),1964,False,4.0
tom thumb,1958,True,1.0
tom thumb,1958,False,0.0
